date,id,content,username,like_count,retweet_count
2023-03-03 13:14:50+00:00,1631644302265729025,Samemafian. Min yndlingsmafia - and it is not even close! #Fosendommen #samefolket #sami,grevtelemark,0,0
2023-03-03 12:58:49+00:00,1631640271694733313,"Fosen-saken: Professor #HansPetterGraver er leder for #Akademietsmenneskerettighetskomit√© og innledet om #Fosensaken, demonstrasjonene og forholdet mellom demokrati og rettsstat under m√∏teserien om #demokratietstilstand onsdag. Se opptaket: https://t.co/VgUKHRKmll #Fosendommen",DNVA1,1,0
2023-03-03 11:07:38+00:00,1631612289165012996,"Sandra Borch sier at de skal f√• p√• plass en fremdriftsplan for videre arbeider med tiltak for
#Fosendommen #p√•g√•endemenneskerettighetsbrudd #ƒçsv #baajhvaeride√•rrodh",tevarsi,0,0
2023-03-03 10:41:28+00:00,1631605704661385216,"Vi er krystallklare p√• hva vi mener om vindkraft. 

#fosendommen https://t.co/5u5WI48vBA",Folketsparti_no,2,1
2023-03-03 09:40:12+00:00,1631590288417255425,"Statsminister Jonas Gahr St√∏re innr√∏mmet fredag p√•g√•ende menneskerettighetsbrudd p√• Fosen. Fredag avslutter ogs√• Fosen-aktivistene sin aksjon. (+)
#Fosen #Fosendommen 
https://t.co/vdvHbytAW9",transitmagasin,0,0
2023-03-03 09:39:58+00:00,1631590227096621056,"Statsminister Jonas Gahr St√∏re innr√∏mmet fredag p√•g√•ende menneskerettighetsbrudd p√• Fosen. Fredag avslutter ogs√• Fosen-aktivistene sin aksjon. (+)
#Fosen #Fosendommen 
https://t.co/QhvB25ECI2",naturpress,0,0
2023-03-03 09:27:20+00:00,1631587049181442048,"Fosen-aksjonistene skriver i en pressemelding at fredag blir siste aksjonsdag. Aksjonistene skal ha siste markering p√• slottet under Kongen i statsr√•d. 
#Fosen #Fosendommen 
https://t.co/yYRDvOykGH",naturpress,1,0
2023-03-03 09:27:00+00:00,1631586964213321734,"Fosen-aksjonistene skriver i en pressemelding at fredag blir siste aksjonsdag. Aksjonistene skal ha siste markering p√• slottet under Kongen i statsr√•d. 
#Fosen #Fosendommen 
https://t.co/ShL1dcxm9A",transitmagasin,0,0
2023-03-03 09:11:59+00:00,1631583185753579520,"Over 500 dager og 8 dager med aksjoner i regjeringskvartalet skulle det ta, men n√• har endelig statsministeren forst√•tt hva som skulle v√¶rt f√∏rste skritt hele veien. Ollu giitu til alle de som har gitt s√• mye den siste uken for at rettferdigheten skal seire üíöüíôüíõ‚ù§Ô∏è #Fosendommen https://t.co/GtLzFvbJ0m",ragnhildfd,11,3
2023-03-03 08:53:30+00:00,1631578533620228096,"Sista aktionsdagen idag. #Norge s statsminister har lovat prioritera fr√•gan. Vi f√∂ljer. #Fosendommen
#Fosen #Norway #HumanRights
#ungreenwindpower #ogr√∂nvindkraft 
https://t.co/XovpQ5Nbfy",OhmanMay,0,0
2023-03-03 08:50:07+00:00,1631577682013044741,"""Urfolksrett er ikke valgfritt"", st√•r det p√• parolen. Markering om et knapt kvarter! #Fosendommen https://t.co/Xu0RQcFAAn",TiramT,1,2
2023-03-03 08:25:35+00:00,1631571508815331328,"Blokaden oppheves etter n√∏dvendige innr√∏mmelser fra regjeringen til √• starte opp arbeidet med √• f√∏lge #fosendommen p√• alvor. Kampen er ikke over, men staten f√•r g√• p√• jobb. Gratulerer!! Takk!! https://t.co/GoHUzBmwqr",TrulsGulowsen,100,25
2023-03-03 08:20:14+00:00,1631570160950624260,"Det er n√• i dag, fredag  det. Om tre kvarter. @Regjeringen m√• lytte.
Vis din st√∏tte! #Fosendommen",PerErikSchulze,3,0
2023-03-03 07:45:10+00:00,1631561336361566208,"@sjakhaaheim .#fosendommen og kostnader ved fjerning av installasjoner viser hvor viktig det er √• avsette midler p√• bankkonto for fremtidig tilbake setting. Alle vindparker ved produksjons avslutning skal ha plikt til √• tilbakef√∏re naturen f√∏r inngrepene. N√• vet vi kostnadene, √•pne konto.",superunknowner,6,1
2023-03-03 07:38:14+00:00,1631559592743170050,"@PshheeK @journalisten Du treffer ganske godt her, og vi vet jo allerede godt hva Nettavisen tenker om #fosendommen: ""Penger = üòç, Menneskerettigheter og avgj√∏relsen til norges h√∏yesterett = üôÑ""",AndreBirchman,1,0
2023-03-03 05:55:03+00:00,1631533625693859840,"Lurer p√• om @Arbeiderpartiet og @Regjeringen tenker at kommuniksjonsr√•dgiverne er verd penga? Kanskje de ikke betaler nok, - siden gode r√•d er dyre? #fosendommen",bjopet,0,0
2023-03-02 23:50:22+00:00,1631441849272487936,"""Jeg snakker f√∏rst!"" üòç HER snakker vi forbilde! @nrk #Fosen #Fosendommen
#forbilde #Influencer

https://t.co/jskPD3Q1m1",huldra71,2,0
2023-03-02 23:13:55+00:00,1631432677428428801,"#Fosendommen #Norgem√•stef√∂ljalagen #Norge f√∂lj p√• insta. St√∂tta. Dela. F√∂r visst ska stater f√∂lja de lagar som finns? #humanrights  #Fosen #Norway Support Share widely. States need 2 follow rule of law, right? 

https://t.co/FwNYmE4O2O",OhmanMay,0,0
2023-03-02 21:41:11+00:00,1631409342011326464,8 days into the #Fosendommen protest in Oslo- a glimmer of hope: the gov't has acknowledged that there has indeed been a human rights violation going on for 500 days and appologised for it to the affected #reindeer herders. 1/,andrei__marin,9,0
2023-03-02 20:38:40+00:00,1631393606912057382,"""Indigenous rights must ‚Äúgo hand in hand‚Äù with climate action, @GretaThunberg told Reuters in Norway. Action ‚Äúcan‚Äôt happen at the expense of some people. Then it is not climate justice""#Fosendommen

@MargaretAtwood
@MarkRuffalo
@LeoDiCaprio
@vanessa_vash
https://t.co/TFBJv5OiS8",arnestor,9,0
2023-03-02 19:56:09+00:00,1631382906894426128,Kjempe stor solidaritet med de unge samiske aktivistene som har blitt arrestert de siste dagene. En unnskyldning fra @terjeaa er ikke noe verdt n√•r √∏deleggelsen av samenes livsgrunnlag og menneskerettighetsbruddet fortsetter p√• ubestemt tid. #Fosendommen,LeaWiggen,20,0
2023-03-02 19:19:24+00:00,1631373660073127938,"Stortinget, inkludert H√∏yre, har en plikt til √• gripe inn - ellers gj√∏r de ikke jobben sin og hele samfunnssystemet v√•rt ligger i dass. #Fosendommen

https://t.co/6UEfiDq7aD",grygaard,1,0
2023-03-02 19:17:02+00:00,1631373065086025729,"Sandra Borch som har ""v√¶rt"" mye utenfor ring 3 ble n√∏kkelen til fremskritt i konflikten med Fosen-aktivistene. Sandra kommer fra utkants-Norge og har forst√•else for hvilke utfordringer det medf√∏rer. #Fosendommen #OED #Regjeringen @SandraNBorch
https://t.co/Ha7nIcREjW https://t.co/Vbvqg8Y3BR",WillyWonka_1000,0,0
2023-03-02 17:55:33+00:00,1631352558945030144,"#Fosendommen sl√•r fast at konsesjonen er ulovlig.
Likevel driver turbinene videre.
P√• tide med noen flere anmeldelser, kanskje?
Det er behov for en del rettslige presiseringer her.
Staten skal respektere domstolene.",midtimellom_mye,2,0
2023-03-02 17:53:52+00:00,1631352136050040852,Incredibly moving scenes in Oslo today - activists from the S√°mi community blocking entrances to several government buildings in day 7 of a protest against a wind farm on their reindeer pastures. 500 days since the wind farm was ruled a human rights violation #Fosendommen https://t.co/oH3eZyUu8Y,raukarna,16,2
2023-03-02 17:46:07+00:00,1631350185321267200,"Norway's energy minister on Thursday apologised to Indigenous Sami groups for the construction of wind turbines on reindeer pastures, calling it a ""human rights violation"". #fosendommen  https://t.co/0vxzZZtyGK",gfouche,5,3
2023-03-02 17:13:57+00:00,1631342087110119424,"Jeg tipper Olje- og energiminister Terje Aasland i dag √∏nsker at han hadde f√•tt r√¶va i gir litt tidligere. Hans somling med √• ta tak i Fosendommen har skapt en uholdbar situasjon for ham som minister, det er tydelig at han ikke trives i denne rollen #dax18 #Fosendommen",Knuthov,7,2
2023-03-02 17:05:23+00:00,1631339934236790784,"Men Noreg ER allerede i ein situasjon der det p√•g√•r menneskerettsbrot, det er ikkje ein situasjon ¬´vi pr√∏ver √• unng√• √• havne i¬ª
#fosendommen  #dax18",marithalc,2,0
2023-03-02 16:17:25+00:00,1631327862555918336,"Regjeringens fors√∏k p√• man√∏vrering og trenering av #Fosendommen m√• vurderes fra maktperspektiv, som politisk r√•dgiver Eirik Larsen p√• Sametinget beskriver knivskarpt. Se s√¶rlig punkt 5 og 6. https://t.co/v8fsDrQIIc",TrulsGulowsen,12,3
2023-03-02 16:08:43+00:00,1631325673255227400,G√•r det an √• bli treigere enn ministerens ¬´s√• raskt som mulig¬ª? Og hvorfor n√• og ikke f√∏r? #fosendommen #terjeaasland,SisselViramo,0,0
2023-03-02 16:05:49+00:00,1631324940719861768,"helt √¶rlig, @terjeaa og @oeddep, dere trengte ikke m√∏te med @siljekarine for √• beklage. Det burde ha blitt gjort for 507 dager! #fosendommen",gytbla,12,2
2023-03-02 16:00:02+00:00,1631323486797852673,"All kred til @NaturogUngdom, Ella Maria og @GretaThunberg og ungdom som reiser seg og protesterer.
Dere er inspirerende forbilder. Ogs√• for oss slitne g√¶mliser!
Uten dere ville ikke fjella fl√∏tta seg.

Dere er fremtidens influencere! üëèüíöüí™
#H√•p #Fosendommen",CSpange,61,5
2023-03-02 15:45:34+00:00,1631319848096497667,"Bra: Regjeringen beklager at den ugyldige konsesjonen krenker menneskerettighetene og tar selvkritikk p√• trenering av #Fosendommen 

Mindre bra: Uklart hva som skjer videre. Aasland vil fortsatt ¬´utrede¬ª.  Ingen l√∏fter om √• stanse en eneste turbin. Mer politisk vilje trengs. https://t.co/qSAlZOQHc0",TrulsGulowsen,64,7
2023-03-02 15:35:21+00:00,1631317276107370496,"N√§inh√§n se on, ja n√§in√§ aikoina n√§ytt√§ytyy kipe√§ll√§ tavalla. Mm case #Fosendommen tai  #saamelaisk√§r√§j√§laki",rauna_rahko,1,0
2023-03-02 15:32:08+00:00,1631316464916414466,"Kunnskapsgrunnlag, Terje Aasland #fosendommen

I 2016 skaffet Fosen Vind seg en forh√•ndstiltredelse for bygging, f√∏r erstatnings- og gyldighetssp√∏rsm√•let var avgjort i rettssystemet. De forsikret om at det hadde blitt gjennomf√∏rt en Folkerettslig vurdering. &gt;&gt;",PreussErika,0,0
2023-03-02 15:25:55+00:00,1631314900654907393,"Kan samene flytte seg n√•? #fosen
#Fosendommen",c7c0733266224ea,0,0
2023-03-02 15:22:39+00:00,1631314078185521152,"Samisk kirker√•d og Mellomkirkelig r√•d for Den norske kirke i felles uttalelse: ‚Äì Regjeringen m√• umiddelbart komme med forslag til tiltak som retter opp uretten, og som gjenoppretter tilliten mellom den samiske befolkningen og staten. 
#Fosendommen 
https://t.co/u3143gwgOx https://t.co/cOhgK2cbpD",kirken,5,2
2023-03-02 15:21:35+00:00,1631313810941247490,Norsk politi hjelper myndighetene med √• kontrollere menneskene og stoppe dem fra √• sp√∏rre om deres rettigheter. Politiet vil alltid v√¶re en makth√•nd for staten. Det er en skam at dette skjer i et av de mest demokratiske landene p√• jorden. #Baajhvaeride√•rrodh #Fosendommen,Karim_Kiko,1,0
2023-03-02 15:18:33+00:00,1631313046713892865,"Hvis man bryter menneskerettighetene viser superenkel forskning at det tar ca 507 dager √• beklage.

Man m√• jo tenke ut en setning eller to.....
#Fosendommen",CSpange,31,4
2023-03-02 15:04:32+00:00,1631309518494740480,"@anineki Fosen Vind DA er eid av Statkraft (52,1 %) Staten hevder de ikke er part i saken, regjeringsadvokaten representerte Fosen vind. Staten er majoritetseier. Man kan virkelig lure p√• hva konsekvensene av dette blir i fremtiden.  #OED #Fosendommen #H√∏yesterett https://t.co/FDRPRo5Fw5",WillyWonka_1000,8,1
2023-03-02 14:53:28+00:00,1631306735544573953,"@audunlysbakken Folk sier de ikke stoler p√• politikere, men enda verre kan det bli hvis vi heller ei kan stole p√• rettsvesenet. #Fosendommen",FP_Bergen,4,0
2023-03-02 14:50:37+00:00,1631306019157549058,"B√•de Fosen-demonstrantene og politiet trappet torsdag opp sin innsats. Mens aksjonistene blokkerte flere departementsinnganger, gikk politiet til p√•gripelser. #Fosen #Fosendommen 
https://t.co/SidC5s1B3D",naturpress,3,0
2023-03-02 14:50:08+00:00,1631305895228391426,"B√•de Fosen-demonstrantene og politiet trappet torsdag opp sin innsats. Mens aksjonistene blokkerte flere departementsinnganger, gikk politiet til p√•gripelser. #Fosen #Fosendommen 
https://t.co/XY8yHec1Kc",transitmagasin,3,1
2023-03-02 14:47:51+00:00,1631305321502089216,"Full st√∏tte til #Fosen-demonstrantene! ü§ùüèóÔ∏èüå± Staten slipper stadig unna, pr√∏v √• v√¶re en privat person eller en bedrift og ikke f√∏lge loven. #Fosendommen",FP_Bergen,2,1
2023-03-02 14:18:11+00:00,1631297856223969283,"READ THE ROOM JONAS! READ THE EFFIN ROOM!

Herregud #Fosendommen",AndreBirchman,2,0
2023-03-02 14:00:04+00:00,1631293297208578051,"√Ö arrestere demonstranter bare f√∏rer til eskalering av protesten. Folk blir bare mer sinte. Det er ikke en strategi som l√∏nner seg for regjeringen, og det er sv√¶rt merkelig at de ikke ser det. #Fosendommen",froginthefjord,2,0
2023-03-02 13:51:19+00:00,1631291095031205888,"De siste seks dagene #Fosendommen har v√¶rt virkelig i fokus, med demonstrasjoner i regjeringskvartalet, og klare signaler fra det juridiske Norge, har @jonasgahrstore tweetet 11 ganger.
Ingen omtale av den krisen Norges demokrati st√•r i.
Hva skal vi med en slik leder?",midtimellom_mye,1,0
2023-03-02 13:43:54+00:00,1631289226657505282,"""Vil du v√¶re med programleder!?"" 

Det er s√• forfriskende √• h√∏re p√• @anineki i #dax18 sp√∏rre @SigridSollund om hun kan stoppe den ut√∏mmelige tompraten til @terjeaa. La oss ikke tillate trenering av viktige saker.

Mer av dette Sollund =D
#Fosen #Fosendommen",KIareng_,1,0
2023-03-02 13:41:37+00:00,1631288652058750979,"@FredSimonEU #Fosendommen is a perfect example of what happens when you take the simple view towards clean energy development that society, human rights and environment must always come last in decision making. You end up with the worst mess imaginable - all entirely avoidable.",KetanJ0,12,3
2023-03-02 12:20:22+00:00,1631268206047313921,"N√• m√• politiet passe seg for √• ikke bli misbrukt i regjeringens politiske spill, ¬´h√∏ye b√∏ter¬ª skal begrunnes rettslig og etter forholdsmessighetsvurdering, ikke til knebling av ytringsfrihet. 

Og aktivistene betaler nok n√•r #Fosendommen blir respektert https://t.co/RfXETGIkSH",TrulsGulowsen,5,1
2023-03-02 12:13:06+00:00,1631266378278744066,"Dere @Regjeringen M√Ö respektere @hoyesterett_no 
Innr√∏m menneskerettighetsbruddet, be om unnskyldning #Samene 
Og forhandle frem en l√∏sning!
Ingen flere vindkraftverk MOT folkets vilje! Hverken p√• land eller til havs!
#Fosen #Fosendommen #Vindkraft",flisleggerfrue,0,0
2023-03-02 11:56:07+00:00,1631262105474154496,#landback #Norway #windturbines #Fosendommen #HumanRightsViolations #sapmi #IndigenousRights,frvah,0,0
2023-03-02 11:44:45+00:00,1631259241712328706,"Mye √• b√¶re for de unge
Hvis @Regjeringen vil ha tillit fra de unge, m√• de vise at de tar #Fosendommen p√• alvor. Og de m√• gj√∏re det n√•.
#Fosen @jonasgahrstore
 https://t.co/oOwuxJ6fT3",MaqsoodAsi,0,0
2023-03-02 10:54:12+00:00,1631246521323642881,#Fosendommen https://t.co/YVdmAzaDCz,HasseFarmen,0,0
2023-03-02 10:49:29+00:00,1631245334163648512,"Har endelig funnet en m√•te √• hjelpe samene og natur og ungdom p√•! H√•per mange, mange hjelper til, menneskerettighetsbrudd gjelder oss ALLE! St√∏tt aksjonistene med √• betale b√∏ter de f√•r ved √• demonstrere mot slapp og tverr regjering! #Fosendommen",MarithaAndersen,2,0
2023-03-02 10:37:20+00:00,1631242278479048704,"Litt overkill med bl√•lys for arrestasjoner, det er aksjonister som kjemper for menneskerettigheter #Fosendommen",hedwigaresvik,3,0
2023-03-02 10:23:56+00:00,1631238906615037954,"'Klimaaktivistene' med frelseren @GretaThunberg i front.
Hvorfor menneskerettigheter n√•? 
De mest s√•rbare i v√•rt samfunn (eldre, rusbrukere) utsettes for brudd p√• disse rettighetene DAGLIG.
Hvor befinner disse 'aktivistene' seg da? 
#Narkotwitter
#Fosendommen",knutbernhardt,0,0
2023-03-02 10:22:02+00:00,1631238427281702914,"Hva tenker du? Kan det tenkes moderne dieselbiler er like bra for milj√∏et som elbiler? 

Vil vi sluppet #vindkraft p√• #Fosen hvis vi beholdt dieselbiler p√• norsk veier?

#Fosendommen https://t.co/skuuiel2Ru",Folketsparti_no,15,0
2023-03-02 10:12:23+00:00,1631235998251114497,Enda mer politi-b√•nd utafor Kultur- og likestillingssenteret. #Fosendommen https://t.co/0n1GRys0By,FancyMcUsername,2,1
2023-03-02 09:04:03+00:00,1631218802930188294,Dersom reindrift stadig skal trumfe utbygging og modernisering av str√∏mnettet tror jeg det kan bli b√•de m√∏rkt og kaldt i deler av landet.. #Fosen #Fosendommen,luftigvinge,1,0
2023-03-02 08:58:49+00:00,1631217485268615171,@TrulsGulowsen @jonasgahrstore @NaturogUngdom Regjeringen framst√•r s√• inkompetent etter #fosendommen at man nesten m√• tro at det er intensjonelt.  Med denne type br√•k og reaksjoner s√• vil vindturbiner v√¶re s√•pass politisk betent at ingen partier vil v√•ge √• gi flere konsesjoner p√• land eller til havs.,Karsten_Sjursa,5,1
2023-03-02 08:18:13+00:00,1631207266987720705,N√• samles alle ¬´profesjonelle¬ª demonstranter i Oslo. Skal tro om de vet hvorfor de demonstrerer. 250 kg reinskj√∏tt mot gr√∏nn str√∏m til hele ¬´Trondheim by¬ª #Fosen #Fosendommen,luftigvinge,0,0
2023-03-02 07:30:22+00:00,1631195225216499715,Kravene om respekt for #Fosendommen fortsetter. Dagens nyhet er at OED insisterer p√• √• flytte m√∏tet med Sametingspresident @siljekarine til et annet sted. Men det er her det skjer. https://t.co/cEuAwCZIH4,TrulsGulowsen,51,16
2023-03-02 07:25:58+00:00,1631194118964510720,Support from the Norwegian people for #Sami #indigeous peoples‚Äô protest is huge. They have collected 120.000 Euros from the public in just a few days. And numbers are growing. Aiming at 300.000 EUR. #Fosendommen @FT @guardian @washingtonpost @afhivert @Reuters,froginthefjord,9,1
2023-03-02 06:58:03+00:00,1631187093329174528,"Varaordf√∏rer i Tr√∏ndelag Fylkeskommune st√∏tter vindkraften p√• Fosen. Jeg h√•per Fylkeskommunen g√•r noen runder med seg selv f√∏r de st√∏tter menneskerettighetsbrudd. ƒåSV
#Fosendommen 
https://t.co/IGBgum4p8W",hedwigaresvik,4,0
2023-03-02 04:59:35+00:00,1631157278647754753,"¬´Jeg tenker at n√• m√• noe skje, hvis ikke er det snart over for reindrifta p√• Fosen.¬ª Og der har du kanskje strategien til @regjeringen ? Sitte p√• gjerdet er de god til. #Fosendommen #Fosen #vg ‚Å¶@Senterpartiet‚Å© ‚Å¶@Arbeiderpartiet‚Å© stolt n√•?  https://t.co/m5EAm1LfOq",Synspunkter,0,0
2023-03-01 22:17:05+00:00,1631055987485319172,"Dette er ikke en debatt om du er for eller imot vindkraft, det er ikke en debatt om √∏konomi, dette er ikke en debatt om det gr√∏nne skiftet eller klimakrisen.

Dette er en debatt om menneskerettigheter. #fosendommen",ARSnarheim,62,9
2023-03-01 21:38:04+00:00,1631046168045125634,Iskastvarsel https://t.co/NZkXekYzWw #Fosendommen,stario,0,0
2023-03-01 21:36:32+00:00,1631045783700008962,Iskastvarsel https://t.co/NZkXekYzWw #Fosendommen,stario,0,0
2023-03-01 21:35:21+00:00,1631045484105068549,Iskastvarsel https://t.co/NZkXekYzWw #Fosendommen,stario,0,0
2023-03-01 21:30:09+00:00,1631044174618284033,Iskastvarsel (r√∏dt/fare) for Raudfjell/Kvitfjell  https://t.co/NZkXekYzWw #Fosendommen,stario,0,0
2023-03-01 21:29:16+00:00,1631043952106192896,"""Indigenous rights must ‚Äúgo hand in hand‚Äù with climate action, @GretaThunberg told Reuters in Norway. Action ‚Äúcan‚Äôt happen at the expense of some people. Then it is not climate justice"" #Fosendommen

@MargaretAtwood
@MarkRuffalo
@LeoDiCaprio
@vanessa_vash
https://t.co/TFBJv5OiS8",arnestor,32,13
2023-03-01 21:12:37+00:00,1631039764349452289,"Ok, 5% n√•, 5% neste √•r, og √•ret etter det, og kanskje 10% deretter‚Ä¶ til slut har vi stj√•let all beitemark. Det var bare litt, liksom‚Ä¶ 
Penger trumfer visst #menneskerettigheter 

#Fosendommen #fosen",sgaarder,10,0
2023-03-01 20:33:04+00:00,1631029810490142720,"üáßüáª A Oslo, des jeunes Samis se mobilisent pour r√©clamer le d√©mant√®lement de deux parcs √©oliens #Fosendommen https://t.co/at2vjoHcxw]",afhivert,8,2
2023-03-01 19:44:01+00:00,1631017464686313479,Problemet her er at n√•r man m√• jobbe s√• hardt for √• f√• en unnskyldning er fen ikke verdt s√• mye lenger #fosendommen,froginthefjord,2,0
2023-03-01 19:31:55+00:00,1631014422037528576,"Husk hva utgangspunktet er f√∏rst aktivistene demonstrerer: regjeringen nekter √• respektere #Fosendommen. Med det i bakhodet er det nesten nytale √• kalle demonstrasjonene for sivil ulydighet.

De som argumenterer for at staten gj√∏r rett, underminerer samtidig menneskerettighetene",FaridShariati,8,1
2023-03-01 19:20:28+00:00,1631011541859328000,"Samene vil ikke vike 1 cm i i kj√∏lvannet av #Fosendommen og ikke vike 1 cm- men alle vi andre m√• potensielt ofre fremtiden v√•r, v√•re barns fremtid. @NaturogUngdom hvorfor skal vi ofre fremtiden for v√•re barn og ungdom?",GormKamprad,0,0
2023-03-01 19:15:18+00:00,1631010240597458944,"Har #GretaThunberg ombestemt seg? Er hun for eller mot #Vindkraft, egentlig??? #Fosendommen #Fosen #demonstrasjon #OED https://t.co/sktJoe1xjW",flisleggerfrue,0,0
2023-03-01 18:09:04+00:00,1630993572613816336,"Eit av hovudprinsippa i FN sine berekraftm√•l er at ingen skal utelatast (Leaving no one behind), heller ikkje v√•re etniske minoritetar i Noreg. Trist at regjeringa no prioriterer klima og √∏konomi framfor sosial og kulturell berekraft i oppf√∏lginga av #Fosendommen #b√¶rekraft",ookland,1,0
2023-03-01 18:00:39+00:00,1630991453617831937,"- Det er jo interessant √• notere at regjeringens handlekraft overfor et p√•g√•ende menneskerettighetsbrudd mot v√•rt eget urfolk beror p√• at det ut√∏ves sivil ulydighet, p√•peker verdens beste @anineki i #dax18 om #Fosendommen https://t.co/M7od2g22IU",TrulsGulowsen,136,19
2023-03-01 17:44:51+00:00,1630987476893327361,"H√∏rer p√• #dax18 at Ulltveit-Moe, Enoksen og Stavrum lider av samme grunnleggende misforst√•else om urfolksrett og #Fosendommen https://t.co/F7yDvw6SHP",TrulsGulowsen,57,11
2023-03-01 17:35:54+00:00,1630985226045337600,"¬´Regjeringen har sett etter et smutthull i H√∏yesterettsdommen om Fosen, for √• slippe √• rive m√∏llene. Men det m√• de h√∏yst sannsynlig gj√∏re. De har malt seg solid inn i et hj√∏rne¬ª, sier √òyvind √òsterud Det norske vitenskapsakademis foredragsserie om demokratiet. #Fosendommen https://t.co/BKO0NRR2Ps",vesleost,9,0
2023-03-01 17:34:49+00:00,1630984950945021952,"Dette er helt nydelig. #Fosendommen 

https://t.co/h3I6Hb3wAi",ragnhildfd,6,1
2023-03-01 17:30:12+00:00,1630983790574043152,@siljet ¬´Vi har hele tiden v√¶rt veldig tydelige¬ª  p√• kva d√•? At det er viktig √• sitte musestille i b√•ten og h√•pe at ingen bryr seg? #Fosendommen,marithalc,0,0
2023-03-01 17:24:20+00:00,1630982313516335115,Statens feil vil vokse seg enorm som et fjell f√∏r de ansvarlige selv oppfatter den. #Fosendommen,jan__henrik,0,0
2023-03-01 16:59:00+00:00,1630975939097001986,Har skrevet om Fosen-saken og aksjonene i Oslo for @AgendaMagasin. Det haster for regjeringen √• rydde opp i tillitsbruddet. #Fosendommen,ragnhildfd,8,1
2023-03-01 16:45:00+00:00,1630972415411879944,"I dag har @jonasgahrstore  pr√∏vd √• beklage det p√•g√•ende menneskerettighetsbruddet. Men urfolk er ikke noe ""vi har"", de er en del av samfunnet. At rettighetene deres er krenket, er ikke noe ""de opplever"", det er konklusjonen i en H√∏yesterettsdom #Fosendommen. https://t.co/qrPBhDe6za",TrulsGulowsen,318,57
2023-03-01 15:54:25+00:00,1630959686257082369,"Bildeserie: Flere departementer ble stengt av aktivister p√• dag syv - I tillegg til OED og Finansdepartementet er i dag ogs√• N√¶rings- og fiskeridepartementet og Klima- og milj√∏departementet blitt sperret av aksjonister.
#Fosen #Fosendommen 
https://t.co/cJ3eMQA5iH",transitmagasin,4,3
2023-03-01 15:16:18+00:00,1630950093942603778,"Olje- og energiminister Terje Aasland (Ap) ber Stortinget om √• f√• redegj√∏re for oppf√∏lgingen av Fosen-saken. 
#Fosen #Fosendommen 
https://t.co/bWHMYaqXuG",naturpress,1,0
2023-03-01 15:15:18+00:00,1630949840321495040,Her er litt mer om hvilken Enoksen #nrkdebatt valgte √• gi taletid p√• regjeringens ¬´lag¬ª om #fosendommen. Folkeopplysning.,TrulsGulowsen,6,0
2023-03-01 12:47:14+00:00,1630912578284052483,"Har svart @GunnarStavrum om #Fosendommen, minoritetsvern, menneskerettigheter og √∏konomisme #nrkdebatt https://t.co/F7yDvw6SHP",TrulsGulowsen,21,0
2023-03-01 12:36:34+00:00,1630909896500604929,"It's a week since the start of the #Fosendommen protest in Oslo. While the protest is intensifying and the Gov't is stuck in noncommittal rethorics, there's little hope in site for a reslution. Here's what i think should happen: 1/",andrei__marin,18,6
2023-03-01 12:10:53+00:00,1630903432327340032,"I Israel demonstreres det mot at det skal vedtas en lov som √•pner for at nasjonalforsamlingen skal kunne overpr√∏ve H√∏yesterett, i Norge demonstreres det mot en regjering som har! overpr√∏vet en dom i H√∏yesterett. #Fosendommen #HumanRights @NaturogUngdom @jonasgahrstore",Roylaeriksen,3,0
2023-03-01 12:04:20+00:00,1630901783248748545,Digger dette bildet. #Fosendommen https://t.co/1J3NioGNhw https://t.co/q9ysTkFttd,AudunBraten,28,5
2023-03-01 11:38:39+00:00,1630895318685429761,"Samiske og norske arrang√∏rer hiver seg rundt for √• hedre reindriftsut√∏verne p√• Fosen og aksjonistene i Oslo. Gjennom en st√∏ttekonsert skal de samle inn penger. #Fosen #Fosendommen 
https://t.co/ys4gluAwQK",transitmagasin,4,2
2023-03-01 09:56:49+00:00,1630869691672535040,"üôå Spennende √• se aktivister i Oslo i dag og √• lese opp om #Fosendommen. Bra artikkel av @abjartnes i @energiogklima.

""Vi trenger mer vindkraft i Norge, men vi m√• tenke bedre igjennom hvor m√∏llene settes opp, slik at naturinngrepene og arealkonfliktene dempes mest mulig.""",Eleanor_RES,0,0
2023-03-01 09:40:33+00:00,1630865599873134592,"Tar man bort et vindkraftanlegg som er bygget, tar man i prinsippet bort str√∏mproduksjon som kan dekke hele Trondheim kommune, sier @NTNU-professor @MagnusKorpas. @EnergyNTNU @IEL_NTNU @NorthWind_FME @oeddep @kldep @NaturogUngdom #str√∏mpris #Fosendommen #Fosen",NTNU_ET,3,1
2023-03-01 09:35:50+00:00,1630864411802968065,Apropos olje- og energiminister Terje Aasland vansker med √• beklage eller innr√∏mme menneskerettighetsbrudd #Fosendommen https://t.co/1gWaQN3tGY,ThePhilosophyo2,0,0
2023-03-01 09:10:39+00:00,1630858072636768259,"Take Your Gardening Skills to the Next Level with PictureThisAi

#AITOOLS #AI #AIArtworks #designs #Flames1stGoal #fcmbif #1marzo #ElonMusk #Fosendommen #1marca #Mariana #BLUR #BLURR 

https://t.co/Bwb7NflugD",Ainewsandinfo,0,0
2023-03-01 09:09:26+00:00,1630857767698178048,"Photoroom AI background generator: The perfect tool for social media marketers

#AITOOLS #AI #AIArtworks #designs #Flames1stGoal #fcmbif #1marzo #ElonMusk #Fosendommen #1marca #Mariana #BLURR #BLUR 
https://t.co/5amzZ6Nf6e",Ainewsandinfo,0,0
2023-03-01 09:07:56+00:00,1630857392505200640,"Get Picture Perfect Photos Every Time with PhotoRoom's Object Removal Tool

#AITOOLS #AI #AIArtworks #designs #Flames1stGoal #fcmbif #1marzo #ElonMusk #Fosendommen #1marca #Mariana #BLUR
https://t.co/m74Gl1iNaa",Ainewsandinfo,0,0
2023-03-01 09:05:34+00:00,1630856794741276673,Jepp. Overtramp mot urfolks rettigheter gir ikke klimarettferdighet. √Öpenbart. @oeddep #Fosendommen https://t.co/LkBZnkxmWD,gydagod,4,0
2023-03-01 09:03:55+00:00,1630856377944907777,"Photoroom Professional Designs: The Game-Changer for Small Business Owners and E-Commerce Businesses 

#AITOOLS #AI #AIArtworks #designs #Flames1stGoal #fcmbif #1marzo #ElonMusk #Fosendommen #1marca #Mariana #BLUR 

https://t.co/wBsKxyI1yL",Ainewsandinfo,1,0
2023-03-01 08:38:05+00:00,1630849878925492224,"De kostet NOK 6,0 milliarder √• bygge‚Ä¶Om vi s√• snakker NOK  50,0 milliarder, s√• kan man ikke kj√∏pe seg fri fra Norges Lover! #vindturbiner #ulovlig #Fosendommen #Fosen #dom #h√∏yesterett #Storting #Regjering",wakeup98894474,1,0
2023-03-01 08:34:29+00:00,1630848972322480129,Dagens @Regjeringen er som √• ha en 3 √•ring som hele tiden pr√∏ver √• teste grenser‚Ä¶ #Fosendommen #Samer #Politikk #Str√∏mkrise #Pris√∏kning #Renter #Valg,tom_knudsen,0,0
2023-03-01 08:19:56+00:00,1630845310015602689,Fortsatt med #FlaggForFosen rundt halsen. #Fosendommen https://t.co/AkJ88bnK0o,TiramT,8,0
2023-03-01 08:13:08+00:00,1630843602015248385,"Til dere som argumenter mot √• f√∏lge opp #Fosendommen fordi det kan ha konsekvenser for andre saker: Det er for sent! Dommen har konsekvenser allerede. For saksbehandling, for lovvutvikling, og for investorer i samiske omr√•der. https://t.co/dSVA6jkzc2",AiliK,295,52
2023-03-01 07:53:35+00:00,1630838679135461379,"God gjennomgang av tiden f√∏r #fosendommen fra @vaartland. Mange fei har blitt gjort, og grunnlaget for unnskyldninger er stort. 

Og hvorfor @Hoyre og FrP nektet √• lytte til FN i 2018 er jo verdt √• tenke p√• https://t.co/iiXraHVecF",TrulsGulowsen,14,4
2023-03-01 07:42:09+00:00,1630835802912505864,"Hvis vi finner oss i at #Staten bryter #NorgesLover‚Ä¶.Da er vi ille ute √• kj√∏re!! Dette kan vi ikke finne oss i!
Hva gj√∏r DU med det?? Oppretter ei gruppe p√• FB? Altfor liten effekt! #Fosendommen #dom #Fosen #rettferdighet",wakeup98894474,0,0
2023-03-01 07:00:10+00:00,1630825236693123073,"Positivt med tydelige forventninger fra Ap-ordf√∏rere om √• f√∏lge #Fosendommen. Disse diskusjonene burde startet for 500 dager siden, og viser hvor viktige aksjonene er for √• stoppe uverdig trenering https://t.co/oebxV1ZBws",TrulsGulowsen,9,2
2023-03-01 06:53:33+00:00,1630823571000786945,"Klokt av regjeringen √• prioritere pppf√∏lging av #Fosendommen, etter 505 dager. Brukes det litt tid og politisk kapital, kan man kanskje innse at turbinene m√• rives, ikke utredes https://t.co/xvWCf7dmwg",TrulsGulowsen,10,3
2023-03-01 06:46:18+00:00,1630821748890370050,Fosen-aksjonene fortsetter p√• 7. dagen: Aktivister blokkerer n√• klima- og milj√∏departementet og n√¶ringsdepartementet. #aksjonsdag7 #Fosen #Fosendommen,transitmagasin,0,0
2023-03-01 06:45:37+00:00,1630821576915468289,Fosen-aksjonene fortsetter p√• 7. dagen: Aktivister blokkerer n√• klima- og milj√∏departementet og n√¶ringsdepartementet. #aksjonsdag7 #Fosen #Fosendommen,naturpress,0,0
2023-03-01 06:26:12+00:00,1630816687925673986,"https://t.co/AFsWXuVcuq
#Fosendommen #OED #Menneskerettigheter",HasseFarmen,0,0
2023-03-01 05:44:14+00:00,1630806129662996481,Erna gratulerte ogs√• norske sportsut√∏vere n√•r det ikke gikk s√• bra for regjeringen. Ser ut til at Jonas ogs√• tror det er noe folk g√•r p√•. #fosen #fosendommen,nongenderous,0,0
2023-03-01 01:10:20+00:00,1630737200508813312,"Det sies at jeg har skutt meg selv i Fosen; Same det vel, jeg kan bekrefte at jeg lever i beste velg√•ende. @Arbeiderpartiet @Dagsavisen @jonasgahrstore @NaturogUngdom @Sametinget @SametingetUng @terjeaa  #Fosendommen #Fosen #arbeiderpartiet  #debatten #norgeinniEU #altforEU",judasgahrstore,2,1
2023-02-28 23:08:17+00:00,1630706484324515844,"¬´Nei, det er at H√∏yesterett ikke har sagt n√∏yaktig hva politikerne skal gj√∏re. De har alts√• ikke fratatt dem hele det politiske handlingsrommet.¬ª
#Fosendommen",ChristineBar,2,0
2023-02-28 22:02:52+00:00,1630690022033596419,This Norwegian judge says what the Minister of Energy should have said. ¬´I am sorry this violation happened we will find a solution¬ª instead of losing face. #fosendommen #nrkdebatten,froginthefjord,1,0
2023-02-28 21:57:24+00:00,1630688647421874177,"Provoseres du av engasjert ungdom?
Synes du de burde gj√∏re noe bedre med livet sitt?
Flott! Ta ansvar selv og m√∏t opp 07:00! #Fosendommen",hedwigaresvik,7,0
2023-02-28 21:55:56+00:00,1630688275269668865,"Det er jo veldig spesielt n√•r statsministeren og landets statsoverhode ikke er enig med H√∏yesterett i plenum, og dermed maktfordelingsprinsippet og demokratisk behandling. Alle gj√∏r feil @jonasgahrstore, det handler om hvordan man rett opp feilen #Fosendommen",hedwigaresvik,7,1
2023-02-28 21:53:38+00:00,1630687695876808705,"#fredriksolvang du som vokste opp i Nord Norge burde vite at det er veldig uh√∏flig √• sp√∏rre en same om hvor mange reindsdyr de eier og om de lever godt med de pengene fra reindrift #fosendommen @AiliK jeg er fransk, ikke norsk engang, men har jeg rett? @Bergensosialist",froginthefjord,3,0
2023-02-28 21:47:24+00:00,1630686130105470982,On the debate on #fosendommen on tv in #Norway #sami #reindeer herder explains how impossible it is for reindeer to live on with 150 #windmill turbines. This is a small community of South Samis and if reindeer herding stops it is a cultural heritage and livelihood that disappears,froginthefjord,2,0
2023-02-28 21:39:04+00:00,1630684032408092672,#Sami #indigenous #fosendommen protest is being debated tonight on national tv in #Norway. Leader of Sami parliament asks the Ministry of Energy and Petroleum to enforce the supreme court decision and apologise for human rights violations. He isn‚Äôt apologising #debatten,froginthefjord,2,0
2023-02-28 21:27:31+00:00,1630681124035866626,"Er @jonasgahrstore tidenes mest hjelpesl√∏se leder av @Arbeiderpartiet ? Uansett hvilke utfordringer han blir stilt overfor s√• klarer han √• klusse det til og gj√∏re ting verre - sist med #Fosendommen F√• mannen bort, snarest mulig!",TorleifN,0,0
2023-02-28 20:55:20+00:00,1630673027523280898,"Ella Marie H√¶tta Isaksenüëèüèº üí™üèº
And that, ladies &amp; gentlemen, is how you speak to politicians &amp; governments officials who are full of shit! #Fosendommen #Fosen",JaneDoe12485731,2,0
2023-02-28 20:49:18+00:00,1630671506672951296,The Norwegian state has clearly learned nothing from Alta. Here we are again with   #Fosendommen. Solidarity with the protesters. Sign the petition to support S√°mi rights here: https://t.co/hIeNYRlRCp,CRostvik,2,0
2023-02-28 20:32:28+00:00,1630667270119628839,Ok. Terje Aasland. Du har null troverdighet. Er det over hode ingen hjemme i @Regjeringen? #Fosendommen #nrkdebatt,LarsCBlast,1,0
2023-02-28 20:12:35+00:00,1630662268449968128,Kan vi overkj√∏re rettigheter av hensyn til storsamfunnet? Svaret er nei: men ja i en moralsk tragedie. Kanskje kommer vi dit. Men ikke n√•: #Fosendommen #NRK #Kompass https://t.co/cBbFCX3ABk,Vitalogiker,8,2
2023-02-28 18:33:10+00:00,1630637250164736001,"Bergen i dag: Mange som kastet seg rundt midt i vinterferien for √• st√∏tte reindrifta p√• Fosen og aksjonene i Oslo. Takk til alle appellanter og alle som m√∏tte opp, det er s√• viktig √• vise at vi er mange som bryr oss. #Fosendommen https://t.co/mr7Mn0fbIN",ragnhildfd,69,6
2023-02-28 18:17:47+00:00,1630633378364944384,"Fine @andersheger med pipa g√•r innom demonstrantene og snakker om likheten mellom #fosendommen og Altasaken.
'#respekt",CSpange,14,0
2023-02-28 17:47:04+00:00,1630625646220066819,Hvem er det som h√•ndhever #Fosendommen ? Hva er straffeutm√•lingen for √• drive uten konsesjon i 500 dager? Dette er vel ogs√• et grovt brudd med forvaltningsloven som ogs√• politikere m√• f√∏lge?,Chilli_______p,0,0
2023-02-28 16:49:48+00:00,1630611236470636549,"Se videoen. Tompratet blir avsl√∏rt og arrestert p√• direkten. 

Det f√∏rste @jonasgahrstore b√∏r gj√∏re er √• frata Aasland og OED alt ansvar for oppf√∏lging av #Fosendommen https://t.co/WgWRDpBetS",TrulsGulowsen,20,4
2023-02-28 15:58:17+00:00,1630598271797284866,@FT writes on the #Sami protest and #greenwashing denounced by @GretaThunberg. Green transition cannot be at the expense of #indigenouspeoples rights #fosendommen,froginthefjord,3,1
2023-02-28 15:44:06+00:00,1630594700703924227,@hoyesterett_no ‚Ä¶fullf√∏r setningen i dommen. #Fosendommen #Fosensaken #menneskerettsbrudd,multininat,0,0
2023-02-28 14:51:43+00:00,1630581518169931776,"Det gleder meg til t√•rer √• se Det som utvilsomt vil st√• som √•rets TV √∏yeblikk. Ella Marie H√¶tta Isaksen fotelle en arogant og famlende olje og energi minister N√òYAKTIG ""kor David kj√∏pte √∏llet"".
#Tv2nyhetene #Fosen #Fosendommen",JGarmanns,1,0
2023-02-28 14:44:42+00:00,1630579752502214657,"NRK og venstremediene for√∏vrig raljere over Israel og Knesset som vil overkj√∏re h√∏yesterett  ü§î
 ehh ,,, du ,,, alts√•,,, hvordan var det n√• med denne Fosen greia  üôÑ #Fosendommen   #arbeiderpartiet #senterpartiet  #stortingspartiet   #demokratur https://t.co/YFAzKInMJT",determegigjendu,47,8
2023-02-28 14:40:36+00:00,1630578719688458240,"#Fosendommen 
Om det gr√∏nne skiftet kan ta hensyn til andre ting vi liker er det en fin bonus, men ikke et krav for min del.",fredrikendresen,0,0
2023-02-28 14:36:15+00:00,1630577626044661760,"Fosen-aktivister har blitt fjernet tilsynelatende uten at politiet har vurdert n√∏dvendigheten og forholdsmessigheten av inngrepene, sier Maria Hessen Jacobsen og Olaf Halvorsen R√∏nning i Elden Advokatfirma. @HessenMaria #Fosendommen #Fosen https://t.co/r6rVgK39Jt",elden_as,1,1
2023-02-28 13:59:23+00:00,1630568349661900800,"SV synes det er vanskelig √• ha tillit til Olje- og energidepartementets h√•ndtering av vindturbinene p√• Fosen. Partiet ber om at et annet departement tar over.   #Fosen #Fosendommen 
https://t.co/QiwuHWWOV0",naturpress,1,0
2023-02-28 13:55:02+00:00,1630567255460249602,"Til deg som st√∏tter vindkraft p√• Fosen:

P√• et eller annet tidspunkt m√• det synke inn for deg at det er et pinlig standpunkt. Og da vil jeg minne deg p√• at det ikke er for sent √• snu, og at du vil tas imot med √•pne armer fra alle sammen. Det er lov √• ta feil #Fosendommen",hedwigaresvik,9,0
2023-02-28 13:37:53+00:00,1630562937445179394,Blir spennende √• se hvor forsonende rapporten til Sannhets- og forsoningskommisjonen blir. #Fosendommen https://t.co/wZNL9W6Xps,AudunBraten,27,4
2023-02-28 13:16:36+00:00,1630557581151203329,"Opposisjonen p√• Stortinget mener regjeringen har brukt altfor lang tid p√• avgj√∏re Fosen-turbinenes skjebne. MDG, SV og R√∏dt mener vindm√∏llene m√• ned. (+)  #Fosen #Fosendommen 
https://t.co/aA36LIgGkX",naturpress,6,2
2023-02-28 13:15:50+00:00,1630557388515278849,Kan ikke politikerne lage et kart over Norge og merke de omr√•dene der vi kan sette opp vindturbiner uten at det blir konflikt med samiske interesser? #Fosendommen,Trille345,1,0
2023-02-28 13:09:44+00:00,1630555852062052353,"https://t.co/vL9pvozV5l jeg blir helt kvalm av Norge noen ganger. Ford√∏mmer og blander seg i menneskerettighetsbrudd i alle land, men ikke i eget? WTF?!?

Fjern vindm√∏llene fra samenes beiteomr√•der!

Helseutfordringer hindrer meg i √• dra, men jeg er med i √•nden! ü¶å #Fosendommen",MarithaAndersen,0,0
2023-02-28 12:55:24+00:00,1630552247514824705,#Fosendommen n√•r ble det s√• vanskelig √• redde urfolks rettigheter og milj√∏ p√• samme tid?  Dette vil prege framtidige generasjoner p√• mer enn en m√•te https://t.co/pbQXT2JRAI,grung_lise,0,0
2023-02-28 12:42:26+00:00,1630548983675322368,"FrP foresl√•r √• trekke statsst√∏tta til @NaturogUngdom igjen. Den √•rlige tradisjonen fortsetter, men det er p√•fallende at det alltid skjer i kamper for samers rettigheter #Fosendommen",hedwigaresvik,24,0
2023-02-28 12:40:36+00:00,1630548521689415681,"Jussprofessor Benedikte Moltumyr H√∏gberg mener Olje- og energidepartementet trenerer pliktene departementet er p√•lagt etter H√∏yesteretts dom i Fosen-saken. #Fosen #Fosendommen 
https://t.co/rHoHJDc0ZH",naturpress,10,3
2023-02-28 12:30:40+00:00,1630546022714802176,"Natur og Ungdom har startet en innsamlingsaksjon som p√• f√• dager har samlet inn 750.000 kroner. Pengene skal dekke b√∏ter fra politiet. 
@GGylver @NaturogUngdom #Fosen #Fosendommen 
https://t.co/pNQvWeKlfO",transitmagasin,8,2
2023-02-28 11:35:08+00:00,1630532046257881090,"‚Äì Vi ser fram til at regjeringen tar til vettet, og er evig takknemlige for aksjonistenes fantastiske innsats, sier @TrulsGulowsen, leder i #Naturvern. #Fosendommen",Naturvern,5,0
2023-02-28 11:26:12+00:00,1630529798203232256,"Grun til at det kan bli en helvete er at vi vi tror vi kan fortsette med business as usual. Men det er det samme utnyttelse av urfolk og arbeidere og kloden f√∏rte oss hit i utgangspunktet #Fosendommen 
https://t.co/6gidVMa0CD",lawsofrule,2,0
2023-02-28 11:26:11+00:00,1630529796454195200,Kjemped√•rlig analyse av Tone Sofie Aglen. Det som ungdommen viser oss denne uken i Oslo er at veien til det gr√∏nn omstillling ligger i √• b√•de redde verden og folk p√• samme tid med √• forandre systemet #Fosendommen  https://t.co/6gidVMa0CD,lawsofrule,1,0
2023-02-28 11:13:45+00:00,1630526663770492929,"Lesverdig og l√¶rerik fra @anineki ‚¨áÔ∏è
#Fosendommen 
https://t.co/SYRYRoYfoT",CSpange,30,3
2023-02-28 11:04:51+00:00,1630524424469336064,"Finnes det Spleis el.l.  hvor man kan bidra med penger til dem som ilegges forelegg for demonstrasjonene i Oslo? 
Fosen-saken #Fosendommen",90oystein,0,0
2023-02-28 10:36:42+00:00,1630517340310843392,"Indigenous and environmental activists, including @GretaThunberg, blocked access to several Norwegian ministries on Tuesday, expanding a protest demanding the removal of wind turbines from reindeer pastures. #Fosendommen https://t.co/JOhmLdQlXg",gfouche,0,0
2023-02-28 10:23:53+00:00,1630514118271590403,"The only way the #Fosendommen conflict can become any worse is if the #reindeer start suffering/dying because they can't access the area now, at the end of winter. The weather forecast looks quite bad, predicting what looks like #RainOnSnow and possibly freezeover. And... https://t.co/leNP0gfBPC",andrei__marin,9,2
2023-02-28 09:59:27+00:00,1630507965496041472,Grei oppklaring - skal bortfall av 275' f√∏re til riving av inntekter p√• 1 mrd √•rlig? #Fosen #Fosendommen https://t.co/UQ2blQmzbr,Magne33924947,0,0
2023-02-28 09:58:42+00:00,1630507778643992577,"@Regjeringen og @jonasgahrstore sitter trygt, fordi Erna st√•r for samme politikken.
Vi har et st√∏rre demokratisk problem i Norge, enn #Fosendommen.
N√•r politikere flest er p√• s√• grov kollisjonskurs med velgerne, i s√• mange viktig saker - da snakker vi om grunnleggende farer.",midtimellom_mye,0,0
2023-02-28 09:57:38+00:00,1630507509923315714,"Fra i g√•r, mandag. Skammer meg over hvordan staten h√•ndterer dette. Og etter fornorskingen og historien. 

I tillegg mangler staten forst√•else for naturens verdi, bare noen vifter med lette penger og gr√∏nne medaljer.

Kjemper med dere‚úä #fosendommen #landback #lafjellaleve https://t.co/28YDyn5Uw8",frvah,1,0
2023-02-28 09:56:52+00:00,1630507317052440577,A new day of #indigenous peaceful protest for #Sami of #Norway to get their #landback in #Fosen. It is cold in #Oslo today but they are holding strong! Blocking @Finansdep #indigenousrights #Fosendommen,froginthefjord,2,0
2023-02-28 09:52:03+00:00,1630506106622554113,Har du f√•tt med deg dagens avisforsider? #Fosendommen #sapmi,MEDIABLIKK,1,0
2023-02-28 09:50:10+00:00,1630505632213135361,"Dialog i form av anmodning og p√•legg om √• fjerne mastene har ikke f√∏rt fem. Vi sager derfor ned vindm√∏llene og b√¶rer bort fra #Fosen, sier operasjonsleder Vidar Pedersen i Oslo-politiet. #FosenDommen https://t.co/E3r5kZY7jh",jeblad,0,0
2023-02-28 09:40:40+00:00,1630503242235887617,¬´Vi har stengt Finansdepartementet¬ª sa Ella Marie H√¶tta Isaksen i dag. Hun glemte muligheten for hjemmekontor. #Fosendommen #Fosen,AtleJanLarsen,1,0
2023-02-28 09:32:19+00:00,1630501137563492353,Kunstnerspleis til st√∏tte for #Fosen-demonstrantene og crowdfunding av store powerbanks. https://t.co/a6f7SZXlNB #Fosendommen,ThomasHeieH,0,0
2023-02-28 09:22:32+00:00,1630498676362690561,"Sterk symbolikk at aktivister arresteres utenfor H√∏yesterett, i forsvar for H√∏yesteretts egen dom som Staten ignorerer: Lov - Sannhet - Rett? #Fosendommen https://t.co/RPQkBYjMfp",TrulsGulowsen,31,10
2023-02-28 08:42:53+00:00,1630488699099131904,"#Fosendommen og demonstrasjonen er min generasjons #Altasak jeg skammer meg over politikere som IKKE evner √• f√∏lge en @hoyesterett_no dom. @Arbeiderpartiet hadde makta n√•r konsesjon ble gitt, AP har makta n√• og f√∏lger ikke dommen. #skammelig",LBKKristensen,1,0
2023-02-28 08:40:33+00:00,1630488111758077955,Og det ble stilt et veldig dumt sp√∏rsm√•l om √• velge mellom menneskerettigheter og klima. #dax18 #fosen #fosendommen,ThomasHeieH,1,0
2023-02-28 08:34:05+00:00,1630486485441888258,"Om @Regjeringen sin #Fosendommen-h√•ndtering, fra sjefredakt√∏r i V√•rt Land.",PerErikSchulze,7,2
2023-02-28 08:25:02+00:00,1630484207200792579,"Fosen er noe anna enn Alta, staten har hatt god tid til √• l√¶re -men er ikke videre l√¶ringsvillig.
#Fosendommen @NSRsapmi @amnesty 
F√∏rst tok dei Alta. S√• tok dei Fosen https://t.co/flGVIS9qvE",MariaStenseth,0,0
2023-02-28 08:19:24+00:00,1630482790788616193,"Hvis du synes det er greit at #Staten bryter Norsk Lov -&gt; forhold deg i ro.
Hvis du synes det er helt ugreit, s√• st√∏tt samene i deres fredlige #demonstrasjon i #Oslo. M√∏t opp og vis hva DU mener! #NorgesLover #rettferdighet #Fosendommen #Fosen",wakeup98894474,2,0
2023-02-28 08:10:50+00:00,1630480632835895297,"K√∏en av politibiler i Grubbegata tyder p√• at aksjonistene ogs√• i dag skal b√¶res bort. 
#aksjonsdag6 #Fosen #Fosendommen 
https://t.co/hxyeTzQXc8",transitmagasin,5,1
2023-02-28 08:09:38+00:00,1630480330330193920,"K√∏en av politibiler i Grubbegata tyder p√• at aksjonistene ogs√• i dag skal b√¶res bort. 
#aksjonsdag6 #Fosen #Fosendommen 
https://t.co/WvpE0KbaOD",transitmagasin,2,0
2023-02-28 08:05:38+00:00,1630479322971619328,"Hei @EspenBarthEide Hva med √• redde reinen, ikke bare posere med den? #Fosendommen",hedwigaresvik,11,0
2023-02-28 08:00:59+00:00,1630478155432570880,"Det hastar med ei politisk l√∏ysing p√• Fosen, for dette blir ikkje vakkert for St√∏re-regjeringa: Utsikta fr√• aviskontoret i Grubbegata akkurat no. 

#Fosendommen https://t.co/TW95uIE5VY",emiers,124,24
2023-02-28 07:42:45+00:00,1630473567417561088,"M√• vindm√∏llene p√• Fosen fjernes? Installasjonene representerer vedvarende krenkelse av samiske rettigheter etter art.27. Dette kan tilsi at virksomheten m√• opph√∏re, skriver Geir Ulfstein, prof. emeritus, p√• @Rett24no (2021). #Fosen #Fosendommen 
https://t.co/bYnca2kUMF",terjekarlsen,3,0
2023-02-28 07:37:41+00:00,1630472291619356674,"Jeg vil se #debatten p√• @NRKno med #olebortenmoe som ga @FosenVind tillatelse, debattere med aksjonister fra #fosendommen med et viktig sp√∏rsm√•l: hvordan sa du ja n√•r du visste om motstand? Statr√•d m√• ta ansvar @NaturogUngdom @Bergensosialist @TrulsGulowsen  @AiliK @Haltbrekken",froginthefjord,9,2
2023-02-28 07:28:38+00:00,1630470015248990209,@PepsiGro Jeg m√•tte bare #Fosendommen https://t.co/i7NssQdSCS,NorwegianWoodmj,5,0
2023-02-28 07:19:02+00:00,1630467597098532865,"Det har skjedd en grov feil, men vi kan ikke rive vindparken. Vi er n√∏dt til √• ofre noe for √• n√• klimam√•lene. Vi er midt i en energi krise, denne vindparken er for l√∏nnsom. Det eneste vi kan gj√∏re n√• er √• s√∏rge for at det ikke skjer igjen.‚úåÔ∏è
#Fosendommen #regjeringen #Vindkraft",c7c0733266224ea,3,0
2023-02-28 07:14:32+00:00,1630466463331938305,"Tr√•d om #aksjonsdag6 : Finansdepartementet bekrefter overfor NTB at Fosen-aksjonistene har blokkert inngangen til departementet tirsdag morgen: - De ansatte er inntil videre henstilt til √• ha hjemmekontor, sier fungerende kommsjef Tor Borgersen i FD til NTB. #Fosen #Fosendommen",transitmagasin,3,1
2023-02-28 06:56:50+00:00,1630462010826674176,"#Fosendommen #Menneskerettigheter #OED 

https://t.co/QLZYtLB8Pv",HasseFarmen,0,0
2023-02-28 06:51:01+00:00,1630460548767797248,"Tenk, n√• skal jeg g√• inn i et klasserom og undervise om maktfordelingsprinsippet...

Grunnleggende prinsipp for demokratiet...

#Fosendommen",H_Marcus,12,0
2023-02-28 06:50:26+00:00,1630460398393597952,Har du Voksenjobb og kan ikke st√∏tte aksjonene ved √• sitte der selv? Noen forslag üßµ 1/ #Fosendommen,SidselFjelltun,123,64
2023-02-28 06:42:27+00:00,1630458391200931841,"Fosen-aksjonisten skal ¬´stenge staten¬ª sier de p√• en pressemelding kl 0730 tirsdag. N√• blokkeres ogs√• Finansdepartementet. Tirsdag er sjette dag med aksjoner, som startet foran OED siste torsdag. #aksjonsdag6  #Fosendommen #Fosen https://t.co/nr2RyTzoit",transitmagasin,11,6
2023-02-28 06:35:05+00:00,1630456536123277312,"- I dag stenger vi ogs√• Finansdepartementet. Det er fordi det er selve Staten som har svikta, og regjeringen med @jonasgahrstore som m√• ta ansvar for #Fosendommen, opplyser Ella Marie H√¶tta Isaksen. https://t.co/IjmRS2csxU",TrulsGulowsen,51,12
2023-02-28 06:11:41+00:00,1630450647437914117,"Velger √• tro at g√•rsdagens #nordlys var et varsel fra nord om bedre tider. Aksjonene for respekt for #Fosendommen fortsetter her utenfor OED i dag, alle er velkommen. https://t.co/rrJg9YWvTN",TrulsGulowsen,72,9
2023-02-28 05:07:30+00:00,1630434497522176000,"Backup. Screen record av f√∏rste 35 min (ankomst politi) av Ella Marie H√¶tta Isaksen live stream p√• Instagram. Vet at @Mare_Argent ogs√• har lagt ut dette, samt p√•f√∏lgende live streams @GGylver @NaturogUngdom @MQviller @Bergensosialist  #Fosen #Fosendommen https://t.co/griIPF7ZVm",woldsnews,1,0
2023-02-27 22:41:50+00:00,1630337440874483713,"Utrolig hvor mye skade Erik Solheim har klart √• f√• til uansett hvor. Ansvarlig for Fosenutbyggingen, giftdumpingen i indre Oslofjord og hva mer? Gj√∏k! #Fosendommen",mrtnwb,0,0
2023-02-27 22:32:19+00:00,1630335044395868161,"Terje Aasland m√• hente inn ny kunnskap for √• forst√• h√∏yesterettsdommen. Jonas ogs√•. Enda en komite? Heller komite enn handling, ser ut som mottoet til denne regjeringen. #Fosendommen #Fosen https://t.co/vsGr7oU9dI",Synspunkter,0,0
2023-02-27 21:17:49+00:00,1630316297341878275,"I 1980 het det ""Politiet kan nekte, men ikke i Alta""

N√Ö b√∏r politiet nekte! #Fosendommen",carlsbj,8,0
2023-02-27 20:57:45+00:00,1630311247689154560,"Dozens of activists occupied #Norway‚Äôs energy ministry to protest #wind farms on #indigenous S√°mi land.
500 days ago, the Supreme Court ruled the wind farms violated #S√°mi rights but the govt hasn‚Äôt removed them.
#baajhvaeride√•rrodh #landback #Fosendommen
https://t.co/ndUgxRYGKO https://t.co/w7VMRk4OON",dfertl,0,0
2023-02-27 20:51:01+00:00,1630309551525298179,@ArdisRonteE Den tidens regjering var sikker p√• at de kunne bestemme at det ikke var til skade for reindrifta. Forh√•ndsgodkjenning er p√• utbyggere risiko. F√•rst√•r ikke hvorfor det da er reindrifta som m√• finne l√∏sninger. Statsr√•d M√¶land grep inn og fikk Statnett p√• skinner igjen #Fosendommen,mariannmagga,1,0
2023-02-27 20:39:39+00:00,1630306692431769600,"Det sitter visst langt inne for @jonasgahrstore √• bruke begrepet samenes RETTIGHETER. Minn meg p√• √• sjekke begrepsbruken fra @NorwayUN fra talerstolen i FN. Vi snakker ikke vanligvis om menneskeinteresser, eller..? #Fosendommen #baajhvaeride√•rrodh https://t.co/rKYauW75bC",ChristinaHnrixn,30,5
2023-02-27 20:15:02+00:00,1630300497214164992,"#Norge, i tospann med kapitalinteresser fra hvorsomhelst, presser #reindrifta inn i rettssaler fra s√∏r til nord for √• skvise dem ut. S√• vinner #reindrifta aka #samene. Da gjelder ikke reglene likevel. Eller loven, som det ogs√• kalles. #Fosendommen #baajhvaeride√•rrodh",ChristinaHnrixn,1,0
2023-02-27 20:14:07+00:00,1630300263826194433,"Skal vi bo i et land der bedrifter tar seg til rette og slipper unna med det fordi det er ubehagelig √• ta et oppgj√∏r og de m√• rydde opp?

Vindm√∏llene m√• ned. Eierne m√• ta kostnadene og rydde s√• andre l√¶rer leksa: Ikke bryt loven, det vil svi.

#Fosendommen",sgarshol,3,0
2023-02-27 19:05:59+00:00,1630283120355278848,"M√•let et √• drite i #samenes #rettssikkerhet, at Aasland nekter √• etterf√∏lge en #h√∏yesterettsdom er et demokratisk problem. #vindkraft #Fosendommen https://t.co/jPJC2sWukp",RammSvart,0,0
2023-02-27 19:04:14+00:00,1630282678783049729,"Vi kjenner prisen p√• 150 vindm√∏ller, men ikke verdien av en rettsstat, hilsen @Regjeringen #Fosendommen",voxpopulinor,9,1
2023-02-27 18:51:20+00:00,1630279434015047680,"https://t.co/pHyNWKpk2v 
Veldig fin m√•te √• f√• fram aksjonen, synes jeg #Fosendommen",nattetid,2,1
2023-02-27 18:47:08+00:00,1630278377209839617,"√Ö b√∏telegge fredelige demonstranter er generelt en uting.

Spesielt i denne saken ettersom h√∏yesterett allerede har kjent vedtaket om konsesjon for utbygging som ugyldig.

Her m√• det ryddes opp. Full st√∏tte @Samediggi
#Fosendommen 

https://t.co/ObCwULGHHi",olavitp,7,1
2023-02-27 18:41:36+00:00,1630276981026693120,"@terjeaa Klokt, lavm√¶lt og fornuftig forslag fra Leif Arne J√•ma, som vant i H√∏yesterett: OED b√∏r hvertfall ikke h√•ndtere #Fosendommen videre, de har for mange hatter. Dette enkle prinsippet for mer tillit burde v√¶re lett √• innse ogs√• for @jonasgahrstore  https://t.co/FGLRyGberw",TrulsGulowsen,10,2
2023-02-27 18:39:24+00:00,1630276427550474240,#FPIC is an internationally recognied process to follow for any state or commercial project that might affect indigenous lifestyle. Free prior and informed consent was not respected by #Norway for #Fosen #Sami people. We have to make sure this does not happen again #fosendommen,froginthefjord,3,0
2023-02-27 18:32:50+00:00,1630274776856944642,"Alts√•, jeg vil gjerne vite √©n ting:
Hva mener #Giske om #Fosendommen og #Fosen-saken?
For det er alts√• brennsikkert;
Om han er enig med @hoyesterett_no og samene, s√• melder jeg meg inn i Namsos Sosialdemokratiske!",midtimellom_mye,0,1
2023-02-27 17:50:36+00:00,1630264149098758146,"Det var viktig for #dax18 √• fremheve at de brukte 26 min. p√• #Fosendommen -b√∏te p√• lite fokus? Flinke ungdommer som klarer √• se forbi √∏konomisk vinning, og unng√•r √• sette milj√∏ opp mot menneskerettigheter ƒåSV",MariaStenseth,3,1
2023-02-27 17:41:36+00:00,1630261881809108995,"Toppen av arroganse finner man i OED, et departement som nekter √• erkjenne et klinkende klart nederlag i #fosendommen. Det kan ikke v√¶re slik at regjeringen, til forskjell fra alle andre, er hevet over lov og dom. Dette er skammelig og sm√•lig",mathiasstang,5,0
2023-02-27 17:40:26+00:00,1630261590812499968,"Hva om OED og KLD snakket sammen litt oftere? Dette bildet la klima- og milj√∏ministeren ut 4 dager siden, ca samtidig som samiske aksjonister tok seg inn i olje- og energidep. Bevisst markering fra Eide overfor Aasland, eller bare √•rets verst timede bilde s√• langt? #Fosendommen https://t.co/W8Jquvh0v4",terjekarlsen,33,7
2023-02-27 17:31:24+00:00,1630259315767484418,"Om #reindrift krever s√• store arealer fra v√•re felles naturressurser, burde det ikke da v√¶re skattelagt tilsvarende vannkraftverk?
#Fosendommen",fredrikendresen,1,0
2023-02-27 17:26:19+00:00,1630258036118896645,Jeg var innom demo ved @oeddep i dag tidlig: Fosen-samene har en god sak og jeg st√∏tter aksjonen. #dax18 @NaturogUngdom @GretaThunberg #Fosen #Fosendommen,audunmolde,6,0
2023-02-27 17:21:25+00:00,1630256802435592195,@Regjeringen er veldig opptatt av √• kommunisere at @hoyesterett_no ikke har spesifisert n√∏yaktig hva som m√• skje etter #Fosendommen . Noen tanker om hvordan dette illustrerer sentrale funn i den statsvitenskaplige forskningen p√• domstolsmakt i denne tr√•den.,Oyvind_Stiansen,0,0
2023-02-27 17:16:49+00:00,1630255647378767873,Flau over √• v√¶re norsk og en regjering som beg√•r overgrep mot v√•r egen befolkning. Stolt over de t√∏ffe aksjonistene som st√•r opp mot urett og kjemper. Aasland m√• g√•. De ulovlige vindm√∏llene m√• bort. https://t.co/8FG0x5x6ZV  #dax18 #Fosendommen,TorunH,15,1
2023-02-27 17:14:38+00:00,1630255095601324033,"@terjeaa @jonasgahrstore @Arbeiderpartiet , dette er alts√• s√• pinleg. De er LITT mindre j√¶vlige enn @Hoyre @erna_solberg , men det er ikkje mykje. Gratulerer! #Fosendommen #turbinturbokapitalistar #dax18",JanJarog,2,2
2023-02-27 17:14:04+00:00,1630254954056220676,"Herregud @terjeaa - les #Fosendommen #dax18, ikke pr√∏v √• vri dere unna ansvaret med triks https://t.co/v8fsDrQIIc",TrulsGulowsen,23,2
2023-02-27 17:06:18+00:00,1630253000877912064,¬´Reindriftsut√∏ver¬ª. Snakk om spr√•klig og kulturell distansering. #dax18 #Fosendommen,NinaHellerud,7,0
2023-02-27 16:56:52+00:00,1630250625845047296,"√Ö f√∏lge opp beslutninger fra H√∏yesterett er en ganske s√• klar no-brainer, @oeddep. Et greit hint er at retten heter H√òYESTE 
#Fosendommen",MikaelScharer,2,0
2023-02-27 16:43:34+00:00,1630247278102581249,"Glad du erkjenner treghet, men kj√¶re @jonasgahrstore - det blir dessverre ikke mindre menneskerettighetsbrudd av at du ikke omtaler situasjonen med sitt rette navn, det m√• v√¶re f√∏rste skritt i √• skape tillit etter #fosendommen https://t.co/IJQar62S6g",TrulsGulowsen,19,1
2023-02-27 16:30:05+00:00,1630243887519526914,Unner alle √• lade batteriene iblant. #Fosendommen #solidaritet #dax18 https://t.co/Zc6HAuoZXl,TrulsGulowsen,93,17
2023-02-27 16:23:58+00:00,1630242345152303105,Financial Times reports on Norwegian inability to adhere to Supreme Court rulings on indigenous rights #Fosendommen @jonasgahrstore https://t.co/8PoOCy4NW3,TrulsGulowsen,7,2
2023-02-27 16:18:36+00:00,1630240997505630208,"@Goitericus I denne saken er vel all PR god PR?! Mange som f√∏lger med p√• hva hun driver med, iallfall... #Fosendommen",Nikk1s,0,0
2023-02-27 16:01:56+00:00,1630236802358337537,"Disse protestene skaper norsk historie. Utrolig imponert over aksjonistene, stolt over folks respons og oppv√•kning, og flau over regjeringens tragisk manglende evne til √• ta #Fosendommen og samiske urfolksrettigheter p√• alvor https://t.co/w3JBwquceo",TrulsGulowsen,15,4
2023-02-27 15:56:17+00:00,1630235380372103170,"‚Äì Dette er en av de riktigste og mest imponerende aksjonene jeg noensinne har sett, sier Gulowsen om #Fosendommen https://t.co/UCKFtq8GuU",TrulsGulowsen,47,8
2023-02-27 15:36:15+00:00,1630230338206322688,"Uten √• nevne et ord om iskast f√∏r vindturbinene p√• Fosen var satt opp, s√• ble samene p√• Fosen innkalt til m√∏te om det 21 √•rhundrets trebucheter Isklumper opp mot 13kg kan slynges flere hundre meter. Vinterbeite er umulig #vindturbiner #OED #Samer #Fosendommen #NVE #Bananrepublikk https://t.co/FRrA24l2sr",WillyWonka_1000,2,1
2023-02-27 15:32:38+00:00,1630229428981596165,"Trefoldighetskirken i Oslo opnar d√∏rene for dei som demonstrerer mot vindturbinane p√• Fosen. I kyrkja kan dei varme seg, g√• p√• do, sm√∏re mat, lade mobilar og tenne lys for h√•p og rettferd.
#Fosendommen 
https://t.co/ie3EwWDcU1 https://t.co/n8KWegIW9d",kirken,29,8
2023-02-27 15:30:31+00:00,1630228896741466112,"Hvis grasrota bygger litt feil uten tillatelse, m√• de rive hele stasen. Ergo: Riv vindturbinene, @Regjeringen ellers mister lov, rett og dom all mening. #vindkraft #vindturbiner #fosen #fosendommen",SilverFokz68,1,1
2023-02-27 15:23:28+00:00,1630227119237132288,"#Fosendommen 
https://t.co/xCK5vRsQHz",einartjelle,1,1
2023-02-27 15:15:57+00:00,1630225230571397120,"Politiet b√∏r heller g√• inn p√• Olje- og energidepartementet og b√¶re ut statsr√•den og resten av byr√•kratene og la demonstrantene bli, for det er inne p√• departementet at politiet finner lovbryterne #Fosen #Fosendommen",Knuthov,23,5
2023-02-27 14:31:02+00:00,1630213926276276225,"Vi st√∏tter aksjonen mot vindturbinene p√• Fosen. Den manglende oppf√∏lgingen av h√∏yesterettsdommen er et p√•g√•ende menneskerettsbrudd og et alvorlig brudd p√• urfolks rettigheter. üì∑: @naturogungdom
#fosensaken #samiskerettigheter #fosendommen #urfolksrettigheter https://t.co/o5UV05Aard",KUNlikestilling,10,2
2023-02-27 14:22:18+00:00,1630211727127093248,Har gjort meg tanker om f√∏lgene av aksjonen som n√• p√•g√•r i Oslo. Jeg trekker ogs√• linjer mer enn 40 √•r tilbake i tid etter at jeg nylig s√• filmen Ellos eatnu ‚Äì La elva leve - om samenes kamp mot Alta-utbyggingen. https://t.co/PDwBmkMPBR #Fosendommen,rogerrein,0,0
2023-02-27 14:12:30+00:00,1630209261971046400,@oslopolitiops sin ressursbruk ved @oeddep er helt absurd. #Fosendommen https://t.co/EeVMXB7tBA,ingsme,0,0
2023-02-27 14:12:14+00:00,1630209196212797440,"N√• har de f√•tt nok: Aktivisten Aslak Heika H√¶tta Bj√∏rn og aksjonister fra NSR-Nuorat og @NaturogUngdom blokkerer inngangen p√• baksiden av Olje- og energidepartementet, 504 dager etter at H√∏yesterett slo fast at utbyggingen av vindindustri p√• #Fosen var ulovlig. #Fosendommen. https://t.co/23goiXjoU3",tbchrist,12,1
2023-02-27 14:11:09+00:00,1630208923293630464,Hvilken statsr√•d ga tillatelse til @FosenVind for √• bygge selv om samene var imot? #Fosendommen @AiliK @Bergensosialist @TrulsGulowsen burde han ikke bli hengt ut ogs√• og gi svar p√• saken? https://t.co/CXoJiimP5e,froginthefjord,14,2
2023-02-27 14:09:43+00:00,1630208563103637505,"N√•r er det vanlige urfolks tur? @jonasgahrstore @oeddep @terjeaa 

#Fosendommen",Ettamenmovet,1,0
2023-02-27 13:48:44+00:00,1630203282743341056,"Dersom de ikke √∏nsker vindturbinene p√• Fosenhalv√∏ya, kunne kanskje OED overveie √• bygge dem her, som et kj√¶rkomment tilskudd til kommunekassen ‚Äì og for oss som s√•rt savner ethvert tegn til sivilisasjon (vakre er de jo ogs√•). #Fosendommen #Landback #Fosen",JarlePetterson,1,0
2023-02-27 13:45:30+00:00,1630202466888216578,"Hvis du lurer p√• hvor *alle* politibilene i Oslo var p√• mandag, ser du svaret her 
@oeddep
 #Fosendommen https://t.co/QtHwL9jUUi",gydagod,5,2
2023-02-27 13:19:06+00:00,1630195821600817154,"Det er en skam, det er pinlig at den norske @Regjeringen @Stortinget #Statsr√•der og #politikere ikke er i stand til √• etterkomme en rettskraftig #H√∏yesterettsdom #fosendommen

Kom dere ut av reindriftsomr√•dene i #Fosen N√Ö

https://t.co/iG6xZobQuj",NoOligarchy,1,0
2023-02-27 13:04:15+00:00,1630192086128492544,Hvorfor i all verden er ikke vindm√∏llene p√• Fosen fjernet? @Regjeringen De er pr idag i ulovlig drift. #Fosendommen,snjofnugg,15,3
2023-02-27 12:52:02+00:00,1630189013800820736,#Fosendommen m√• respekteres!,FaridShariati,12,0
2023-02-27 12:37:55+00:00,1630185461133234176,"Protesters gathered around #Norway's #energy ministry this morning to claim the S√°mi #landback and protest against wind turbines built on indigenous reindeer herders' land. 

#baajhvaeride√•rrodh #Fosendommen  @naturogungdom @GretaThunberg 

https://t.co/eLAGMdj4XM",CANIntl,13,7
2023-02-27 12:20:46+00:00,1630181142631514112,"""Gr√∏nt skifte, men ikke til enhver pris,"" oppsummerer TV2 nyheter. Godt formulert. #Fosendommen",IngerMarieShe,1,0
2023-02-27 12:01:56+00:00,1630176404208861185,"We stand in solidarity with the S√°mi protestors and youth activists @NaturogUngdom occupying @oeddep,  the üá≥üá¥ Ministry of Petroleum &amp; Energy, to protect S√°mi land &amp; culture.  

#baajhvaeride√•rrodh #landback #Fosendommen #Fosen https://t.co/YpAAs3HMCE",foeeurope,33,17
2023-02-27 11:19:45+00:00,1630165789788590080,"Olje- og energiminister Terje Aasland m√• g√• av. Greier ikke en statsr√•d √• respektere loven og rette seg etter domstolsvedtak, er man ikke egnet til √• sitte i en regjering. Kriminalitet utf√∏rt av en statsr√•d kan ikke aksepteres #Fosen #Fosendommen",Knuthov,29,5
2023-02-27 11:15:34+00:00,1630164736279998467,"Norway @jonasgahrstore  @oeddep must urgently follow the Supreme Court ruling #Fosendommen to stop ongoing #HumanRightsViolations and secure #S√°mi rights to land, livelihood &amp; culture. 

We support the protests by Indigenous and youth activists @NaturogUngdom. https://t.co/TQhtvWhUbD",RainforestNORW,28,8
2023-02-27 10:46:36+00:00,1630157446973911040,Great from Reuters on Norway and our shameful indigenous peoples rights abuse #Fosendommen https://t.co/OunKpS4vN5 https://t.co/D91floWHev,TrulsGulowsen,45,6
2023-02-27 10:42:09+00:00,1630156324691406849,"En betydelig √∏kning i antall aksjonister siden sist jeg var innom. Og en betydelig andel av de som er tilstede er journalister. Dette er en aksjon som potensielt vil kunne √∏ke p√• i omfang, lydniv√• og oppmerksomhet. #Fosendommen #Fosen https://t.co/ZeiWuvVu5A",terjekarlsen,48,7
2023-02-27 10:37:15+00:00,1630155093319340037,#fosendommen protest reaches international news @AiliK @Bergensosialist @guardian #indigenous Sami are still blocking #Norway‚Äôs Ministry of Oil and Energy @TrulsGulowsen,froginthefjord,3,0
2023-02-27 10:36:11+00:00,1630154824330223617,"English thread on tonight's shameful removal of the protestors at the Ministry of Petroleum and Energy in Norway. They continue in larger numbers outside, demanding the Supreme Court verdict is respected. #Fosendommen",ragnhildfd,22,10
2023-02-27 10:14:35+00:00,1630149387413323776,"Regjeringen som ikke t√•ler dagens lys...

Som tyver i natten b√¶rte de ut lovlige demonstranter. 

Dagens regjering kjennetegnes ved l√∏gn, lovbrudd og anti-demokratiske holdninger.

Skam dere.
@Arbeiderpartiet @Senterpartiet 
#Fosendommen 
 @GretaThunberg 

https://t.co/TakvFTZK3g",NorwegianWoodmj,2,0
2023-02-27 10:08:18+00:00,1630147805854552064,Takk til NIM-sjefen for tydelige ord om #fosendommen og Statens reparasjonsplikt https://t.co/TyUIiWBZpn https://t.co/xdzfUfhZDO,TrulsGulowsen,13,1
2023-02-27 09:21:48+00:00,1630136105822478336,the #Fosendommen from the Gov't but have in fact waited for over 10 years for a resolution ever since the formal trial began. And 2) The idea that new (scientific) evidence has emerged since October 2021 that contradicts the knowledge base the court decision relied on. /7,andrei__marin,14,5
2023-02-27 09:17:58+00:00,1630135139819827201,"#fosen via NodeXL https://t.co/LQdYsznmeC
@ailik
@mbergnordlie
@oeddep
@ohmanmay
@gretathunberg
@posthumanitiesh
@svtnyheter
@dagensnyheter
@maddysavage
@kimtallbear

Top hashtags:
#fosen
#landback
#norway
#fosendommen
#indigenous
#wearestillhere
#humanrights /",mihkal,6,0
2023-02-27 09:03:36+00:00,1630131525147586561,@guardian @nytimes @washingtonpost have you seen this? Trening in #Norway #indigenous Sami people occupy the Ministry of Energy and Oil for the state to enforce decidion of the Supreme Court on human rights violations. They are taken out forcefully #Fosendommen @NaturogUngdom,froginthefjord,1,0
2023-02-27 08:54:30+00:00,1630129235653279744,Come on @guardian you should write about #Fosendommen and how #indigenous Sami people have had their rights violated for over 500 days since supreme court decision in #Norway #GretaThunberg is there occupying the ministry of energy with @NaturogUngdom @AiliK @Haltbrekken https://t.co/lPbcaFiVDT,froginthefjord,44,16
2023-02-27 08:46:38+00:00,1630127256671514626,"Urfolksrett er ikke valgfritt.

Vi st√•r med NSR Nuorat &amp; @NaturogUngdom i deres kamp mot regjeringens menneskrettighetsbrudd.

Nok er nok!

#LandBack #fosendommen #BaajhVaeride√Örrodh https://t.co/0RicKCKVM7",GreenpeaceNorge,78,8
2023-02-27 08:41:02+00:00,1630125843434426369,Des jeunes autochtones #Sames de #Norv√®ge occupent le minist√®re de l‚Äôenergie depuis 5 jours. Cette nuit ils ont √©t√© sorties manu militari. Ils veulent une solution aux violations des droits #GretaThunberg est sur place #fosendommen @LeMonde_EN ecrivez! https://t.co/mX9tmYtc7O,froginthefjord,1,1
2023-02-27 08:36:16+00:00,1630124646254223360,"St√∏tter aktivistene 100 % i #Fosendommen Ikke til √• tro at det g√•r an i 2023. Krenke urfolket v√•rt som vi burde verne om og v√¶re stolte av, og forurense en dyrebar natur med monsterbygg i villmark. Fy skam!",Lovelii666,16,4
2023-02-27 08:25:13+00:00,1630121865321541634,In the middle of the night #indigenous and environmt‚Äôl activists where taken by force out of #Norway‚Äôs Ministry of Energy. They are back! They want #justice after #Fosendommen @AMatthewsKing,froginthefjord,11,3
2023-02-27 08:18:08+00:00,1630120080938762241,Trefoldighetskirken √•pner d√∏rene for kalde demonstranter! St√∏tten til aksjonen brer om seg. Dette er en aksjon som potensielt kan bre om seg og vokse til en situasjon regjeringen m√• h√•ndtere. Les: Konkret beslutning om #Fosendommen begynner √• haste.,terjekarlsen,6,0
2023-02-27 08:15:26+00:00,1630119401910403073,"Solidarity with the activists from @nsr_nuorat &amp; @naturungdom who have been occupying the Norwegian Ministry of Oil &amp; Energy.

They were forcibly removed in the middle of the night but are BACK and are now blocking the entrance to the building üí™
#LandBack #fosendommen #500dager",StopCambo,46,19
2023-02-27 07:58:35+00:00,1630115162999996417,"V√¶pna norsk politi fjernar fredelige, samiske demonstrantar. Gl√∏mte Departementet √• vurdere symboleffekten?
#Fosendommen  #Fosen @oeddep @NaturogUngdom (Foto: Rodrigo Freitas / NTB) https://t.co/GvkxxerOdf",IdarLind,72,14
2023-02-27 07:30:20+00:00,1630108053239476229,"Back at the Petroleum and Energy Ministry. Several hundred by now, filling the narrow street, blocking entrances. Demanding respect for nature and the #Fosendommen Supreme Court ruling on Sami rights 
https://t.co/C8T5IrLomj

https://t.co/jOoLIluzwP",PerErikSchulze,3,0
2023-02-27 07:25:03+00:00,1630106725343719429,"#FlaggForFosen rundt halsen, sia vi er hjemmefra heile dagen. #Fosendommen https://t.co/oCH5iVaFfB",TiramT,16,1
2023-02-27 07:23:47+00:00,1630106404068511744,"Er det noe som helst positivt for saken at den svenske oppmerksomhetssyke yrkesdemonstranten #GretaThunberg  tar overskriftene?
#Fosendommen #Fosen #Vindturbiner #Same #Reindrift #OljeogEnergidepartementet https://t.co/We2IWbdAgk",flisleggerfrue,3,0
2023-02-27 07:03:49+00:00,1630101379732709376,Stort oppm√∏te utenfor OED i solidaritet med kravet om respekt for #Fosendommen. @Regjeringen kan fortsatt snu og ta ansvar. https://t.co/c0B1Avdhpx,TrulsGulowsen,54,11
2023-02-27 06:50:47+00:00,1630098101510733827,Redd S√°pmi og Norge fra landvindkraft - bygg kjernekraft! #kjernekraft #Fosendommen #naturvern https://t.co/D3OdfaXGhB,JanBrogger,5,1
2023-02-27 06:06:19+00:00,1630086908838649856,"Fjerning av demonstranter nattestid? N√• snakker vi samfunn vi liker √• sammenligne oss med.

#Fosen #Fosendommen",Himalde,2,0
2023-02-27 05:50:34+00:00,1630082945976238080,"Saken t√•ler ikke dagens lys, sier @GretaThunberg #fosen #Fosendommen https://t.co/X19LKhAnpr",AiliK,76,29
2023-02-27 05:49:30+00:00,1630082676941004801,"government has refused to comply for more than 500 days. The press is eerily silent. 
#fosendommen #fosen #indigenouspeople #Sami #landback
https://t.co/9OmRfa8o62 (2/2) https://t.co/2F5Ktv4EBR",Just_Me_Gi,2,0
2023-02-27 05:39:32+00:00,1630080171469422599,"Regjeringens manglende oppf√∏lging av #Fosendommen t√•ler ikke dagslys, og gjemmer seg bak politiet og DSS. N√•r 500 dager ikke er nok, hvordan skal noen tro regjeringen tar dette p√• alvor? Enn√• ett √•r Aasland? https://t.co/fasOK0IKP4",TrulsGulowsen,34,6
2023-02-27 01:47:18+00:00,1630021724325462016,ƒåSV! #fosendommen https://t.co/DQHPPGN0nc,NaturogUngdom,28,6
2023-02-27 01:08:55+00:00,1630012064826548224,Det @oeddep gj√∏r akkurat n√• er helt umenneskelig. #fosendommen,gytbla,20,1
2023-02-27 00:31:14+00:00,1630002581689737221,"Blir mer og mer sikker p√• at @jonasgahrstore's r√•dgivere har IQ som er omvendt proporsjonal med l√∏nna.
Selv er han s√• lite handlekraftig at #Fosendommen og aksjonistene vil p√•f√∏re ham banes√•r.
Ingen av dem skj√∏nner at stengte d√∏rer er symboler.

https://t.co/2cXEarGeK8",midtimellom_mye,0,0
2023-02-26 23:21:53+00:00,1629985131673931776,"Important events regarding S√°pmi these days. Young Sami and other activists have occupied Norway's Ministry of Petrolium and Energy. Historic days, led by Sami youth and other activists!

https://t.co/lGRdhCs1sM

#S√°pmi #FosenDommen",SaraOlsvig,7,5
2023-02-26 22:45:08+00:00,1629975883392901125,Kommer @Arbeiderpartiet til √• n√• 10-tallet f√∏r landsm√∏tet i mai? #fosen #fosendommen #str√∏mpriskrise #fattigdom #fastlegekrise #sykehuskrise #sykepleiermangel #abcklinikken #h√∏yrepolitikk #foretaksmodellen #arbeidslinja #acer #eu #st√∏re #vedum #aasland,nongenderous,4,1
2023-02-26 22:04:15+00:00,1629965592621924353,"Greta Thunberg skulle etter planen m√∏te Fosen-aksjonistene i Olje- og energidepartementet s√∏ndag kveld, men fikk ikke tillatelse til √• komme innenfor d√∏rene. #Fosen #Fosendommen",transitmagasin,5,2
2023-02-26 21:32:48+00:00,1629957680591781889,"Regjeringen har utfordringer med √• f√∏lge lover og regler.

H√∏yesterett har konkludert vedr√∏rende #Fosendommen.

N√• vil de ogs√• innf√∏re lov med tilbake virkende kraft, som er grunnlovsstridig.

Er det fritt frem n√• √• bygge i strandsone, anneks, brygge, stabbur mm?",superunknowner,4,4
2023-02-26 21:18:18+00:00,1629954030645436418,"@Arbeiderpartiet v/@EliSather i #helgemorgen om #Fosendommen:
""Vi skj√∏nner at folk reagere p√• at dette tar s√• lang tid.""

Det fok reagerer p√•, er ikke tidsbruken, men at @Regjeringen ikke respekterer @hoyesterett_no!!

Vedtaket om byggingen er kjent ugyldig. Av H√òYESTERETT!",midtimellom_mye,0,0
2023-02-26 21:10:01+00:00,1629951947246542848,"- As a human rights jurist who worked on indigenous peoples‚Äô rights for many years mainly in Asia, I personally wonder how these concessions were granted in the first place by the Norwegian state, writes @froginthefjord #Fosendommen @RainforestNORW 
 https://t.co/jdw642tXGJ",TrulsGulowsen,37,11
2023-02-26 21:01:50+00:00,1629949887474278412,Article: In #Norway indigenous &amp; environmental youth @NaturogUngdom  are occupying @oeddep to hold the gov't accountable for #humanrightsviolations of #indigenous peoples. @GretaThunberg is on her way to support the action. #fosendommen @Survival @GGylver https://t.co/W9umrI2lnC,froginthefjord,28,10
2023-02-26 21:01:38+00:00,1629949834839875587,"@Arbeiderpartiet sender @EliSather til #helgemorgen med sitt sedvanlige hakk i plata; 
1) ""#Fosendommen sier ikke at vi m√• rive""
2) ""vi m√• ha skikkelig grunnlag for vedtakene vi gj√∏r"".

1) Jo! ""Ulovlig oppf√∏rt"" = riv!
2) bedre grunnlag for vedtak enn @hoyesterett_no f√•r du ikke!",midtimellom_mye,1,0
2023-02-26 20:37:14+00:00,1629943694030696448,"@Regjeringen med @jonasgahrstore ved roret, har jevnt over st√•tt p√• motsatt side av hva b√•de lovverk og folket mener.
At @terjeaa f√•r seg til √• si at #Fosendommen ikke er klar og tydelig, viser hvor EU-lojal @Arbeiderpartiet er. Og hvor dedikere de er til utenlandske eiere.",midtimellom_mye,1,0
2023-02-26 20:34:39+00:00,1629943045595488264,"Den svenske klimaaktivisten Greta Thunberg vil slutte seg til demonstrasjonen mot vindturbinene p√• Fosen i regjeringskvartalet mandag. #Fosen #Fosendommen 
https://t.co/PTuB0VYA1F",transitmagasin,3,1
2023-02-26 18:56:00+00:00,1629918220042813440,"Kort p√•minning om #Fosendommen for 503 dager siden: 

""H√∏yesterett i storkammer kom enstemmig til at rettighetene er krenket, og at vedtakene om konsesjon og ekspropriasjon derfor er ugyldige."" https://t.co/UjPlGznGA3",TrulsGulowsen,68,29
2023-02-26 18:45:54+00:00,1629915677191446529,St√∏re og Aasland gj√∏r sitt for √• grave Arbeiderpartiets grav. #fosendommen #str√∏mpriskrise #h√∏yrepolitikk #fattigdom,nongenderous,2,1
2023-02-26 18:07:18+00:00,1629905961971220481,"Herregud s√• skuffa jeg er over AP.
Vanlig folks tur var faktisk bra, valgkampen var bra - men at dere ikke bare b√∏yer av etter h√∏yerettsdom og innser at antektering av samisk land og rettigheter er helt grufult.
Skam p√• dere.
#Fosendommen  #Fosen",CSpange,151,12
2023-02-26 17:59:27+00:00,1629903989432016898,"Greta Thunberg kommer til Oslo for √• st√∏tte Fosen-demonstrasjonen mandag, if√∏lge aksjonistene (NTB)
#Fosendommen #Fosen",terjekarlsen,4,1
2023-02-26 17:58:24+00:00,1629903723802624000,"Greta Thunberg kommer til Oslo for √• st√∏tte Fosen-demonstrasjonen mandag, if√∏lge aksjonistene #Fosen #Fosendommen",naturpress,16,0
2023-02-26 16:44:45+00:00,1629885187432513549,"I kveld vises filmen ""La elva leve"" p√• veggen til Olje- og energidepartementet! Ogs√• sametingspresidenten kommer for √• bes√∏ke aksjonistene som fortsatt okkuperer inngangspartiet til OED. #Fosendommen #LandBack 
https://t.co/2X3tpP69cc",terjekarlsen,49,13
2023-02-26 16:29:55+00:00,1629881455970009100,"N√•r andre stater foretar seg tvilsomme krumspring, for √• unng√• domstolene, blir det ford√∏mt av norske myndigheter som antidemokratisk.
Selv lyver de folk midt i ansiktet, om at #Fosendommen ikke sier noe om at turbinene m√• ned.
N√•r noe er ulovlig oppsatt, skal det ned!
Ferdig.",midtimellom_mye,0,0
2023-02-26 16:08:07+00:00,1629875971699490825,"‚Äî Jeg gleder meg stort til √• komme til Oslo og hilse p√• aksjonistene, sier sametingspresident Silje Karine Muotka.
#Fosen #Fosendommen @Samediggi @siljekarine 
https://t.co/OSxSavP7SP",transitmagasin,10,6
2023-02-26 13:20:26+00:00,1629833768985849857,Fint √• vite at aksjonistene p√• innsiden kunne se oss som var p√• utsiden #solidaritet #fosendommen https://t.co/N70fxWxcHX,TrulsGulowsen,9,2
2023-02-26 12:36:43+00:00,1629822767364227072,"Norway asks other countries to follow Human Rights while purposefully denying the very same thing to their own citizens, breaking Rule of Law in their own country...
#FreeFosen #Fosendommen #LandBack",Minoritetsguten,12,4
2023-02-26 11:33:23+00:00,1629806832993677312,"- Ingen tvil om at det er @oeddep som har feil og dere som har rett, understreker @olaelvestuen til aksjonistene om #fosendommen https://t.co/EOxpSYwRYU",TrulsGulowsen,19,2
2023-02-26 11:21:31+00:00,1629803845684527115,"Stort oppm√∏te, sterk appell fra leder for @Naturvern samepolitiske r√•d @lasseebjorn om hvordan Altadommen ble respektert, mens #Fosendommen blir ignorert. 

Vrengte kofter, folk, joik og Mari Boine utenfor OED gj√∏r dette ekstremt sterkt. Regjeringen m√• ta ansvar n√•. https://t.co/813wHyb1Y5",TrulsGulowsen,57,8
2023-02-26 09:03:25+00:00,1629769088951107585,I dag kl 12. #Fosendommen m√• respekteres. https://t.co/Kw2e8DKVOp https://t.co/Iv7MSkKm2z,TrulsGulowsen,45,3
2023-02-25 12:11:50+00:00,1629454120636612609,#FlaggForFosen p√• Veitvet. #Fosendommen https://t.co/L5yLWgiiTv,TiramT,31,9
2023-02-24 20:20:10+00:00,1629214626029207556,"Er det blokade av Olje- og Energidepartementet, s√• er det blokade. Store og sm√• d√∏rer. Staten har litt √• forklare om sin oppf√∏lging av #Fosendommen f√∏r ungdommene vil v√¶re hjelpsomme og flytte seg fra inngangspartiet",PerErikSchulze,5,1
2023-02-24 18:25:19+00:00,1629185721075466240,"Heier p√• de t√•lmodige aksjonistene som krever oppf√∏lging av #Fosendommen sammen med Sametingsrepresentant Tor Gunnar Nystad utenfor @oeddep. 

Inne i resepsjonen sitter de 11 aksjonistene og venter p√• svar om n√•r menneskerettighetsbruddet p√• Fosen skal stanses. God helg! https://t.co/ct6Y99VLU8",TrulsGulowsen,83,15
2023-02-24 08:36:04+00:00,1629037430253793280,"Igjen m√• unge mennesker og urfolk tr√• til n√•r regjering og politikere svikter!

Vi st√•r i solidaritet med de modige aktivistene fra NSR Nuorat &amp; @NaturogUngdom i deres kamp for urfolks rettigheter og bevaringen av viktige samiske naturomr√•der üíö‚úä

#Fosendommen",GreenpeaceNorge,26,8
2023-02-23 11:11:11+00:00,1628714079765377024,"üáßüáªMinistry of Petroleum and Energy got occupied by @NaturogUngdom and S√°mi youth NGO this morning, the government is on day 500 still not acknowledging that they lost the High Court decision #Fosendommen: on the Rights of Indigenous Peoples vs construction of wind power stations. https://t.co/yXSXgghTZf",PerErikSchulze,138,51
2023-02-23 08:59:27+00:00,1628680930834391040,"Bli med, N√Ö, i dag, 23.2.23! https://t.co/QnhyOmWeMc #FosenDommen #neitilvindkraft ‚úäüá≥üá¥ https://t.co/92hysMc8jd",multininat,0,0
2023-02-23 08:16:09+00:00,1628670030819762177,"I dag er det 500 dager siden #Fosendommen. Olje-og Energidepartementet har brukt for lang tid, og har f√•tt bes√∏k. Lykke til! https://t.co/0JtjsLZ5ji",TrulsGulowsen,57,10
2023-02-13 19:02:13+00:00,1625208743175589889,"Fint √• se energiminister @terjeaa p√• banen om #fosendommen. Men om han har oppriktig √∏nske om √• l√∏se saken og gjenopprette tapt #tillit, b√∏r andre og mer uavhengige akt√∏rer enn @oeddep forvalte prosessen. https://t.co/lAvR9OZlZX",TrulsGulowsen,5,1
2023-02-13 18:02:34+00:00,1625193729450561539,#Fosendommen er fortsatt ikke fulgt opp. Tvert imot planlegges nye store vindindustri-anlegg i viktige samiske naturomr√•der. Det inngir ikke tillit https://t.co/gqrt93Osxj,TrulsGulowsen,20,2
2023-02-08 14:27:03+00:00,1623327555011895296,God oppsummering fra @Dagsavisen: ‚Äì Samer har kjempet lenge for √• f√• anerkjent rettigheter. Dette kommer fra en grunnleggende tillit til den norske staten. #Fosendommen viser at slike rettigheter kanskje likevel ikke blir fulgt opp. Det er alvorlig. https://t.co/kCn7JWeTpp,TrulsGulowsen,5,1
2023-02-06 17:47:47+00:00,1622653294945476632,Dessverre skjemmer manglende oppf√∏lging av #Fosendommen denne viktige dagen https://t.co/mn5A0a65m9,TrulsGulowsen,10,3
2023-01-25 18:44:23+00:00,1618318882179252224,Kirke-kritikk mot regjeringen for ikke √• rydde i forhold til samiske rettigheter  etter #fosendommen. H√•pl√∏st forsvar for statens somling fra @EliSater i #dax18. Staten er raskt til √• effektuere konsekvenser av en dom n√•r man vinner. N√•r man taper kommer bortforklaringene....,JAMarkussen,3,1
2023-01-02 14:52:24+00:00,1609925583542145024,"@Advokatforening ‚Äì Fra Sannhets og forsoningskommisjonens side kan jeg si at en viktig forutsetning for en god forsoningsprosess fremover, er at alle parter kan ha tillit til landets √∏verste instanser, sier kommisjonsleder Dagfinn @Hoybraten til @oeddep om #Fosendommen https://t.co/6Mchw50XLd",TrulsGulowsen,11,2
2023-01-02 10:34:39+00:00,1609860716370006016,"Klar tale fra @Advokatforening om #Fosendommen: ¬´Vi kan ikke ha en rettsstat hvor statens seire skal gjennomf√∏res ubetinget, mens statens tap fors√∏kes tolket bort, eller der en minoritetsgruppe f√∏ler at deres menneskerettigheter er mindre verdt.¬ª https://t.co/SW2NMDqTxH",TrulsGulowsen,131,24
2022-11-16 15:06:14+00:00,1592896833998970880,Onsdag startet Olje- og energidepartementet (OED) konsultasjoner med ber√∏rte parter for √• finne ut hvordan de kan f√∏lge opp H√∏yesterettsdommen i Fosen-saken. #fosendommen #h√∏yesterett #reindrift #vindkraft #motvind https://t.co/rq3UMh0ABM,Doavttir,1,0
2022-11-11 12:00:16+00:00,1591038093867438080,13 m√•neder har g√•tt siden Fosen-dommen i H√∏yesterett. Arbeiderpartiets samepolitiske konferanse krever fortgang i oppf√∏lgingen av dommen. #fosen #fosendommen #h√∏yesterett https://t.co/6DGBdUOOLd,Doavttir,0,0
2022-11-08 15:49:09+00:00,1590008530379341825,"¬´Arbeiderpartiets Samepolitiske Konferanse krever at @Arbeiderpartiet f√•r fortgang i prosessen etter #Fosendommen, og at l√∏sningen er presentert og godkjent av de ber√∏rte reineierne p√• Fosen snarest, og helst innen nytt√•r¬ª @jonasgahrstore @EliSather https://t.co/rLvqVCv6lH",TrulsGulowsen,4,1
2022-10-12 16:11:07+00:00,1580229585467473920,"Ett√•rs markering av Fosen-dommen:‚Äì N√• m√• regjeringen se galskapen.
#HumanRightsViolations in #Norway 
#Fosen #Fosendommen #Tr√∏nderEnergi #FosenvindDA #OlaBortenMoe #CreditSuisse #StadtwerkeMunchen #Menneskerettigheter #VibekeStjern #√ÖfjordKommune #√Öfjord 
https://t.co/PM61sanw3j",SunSo1en,1,0
2022-10-12 13:11:24+00:00,1580184360275554304,Sv√¶rt gode sp√∏rsm√•l fra @SVparti og @Haltbrekken om regjeringens manglende oppf√∏lging av #Fosendommen https://t.co/6QOqLamQ19,TrulsGulowsen,4,2
2022-10-12 07:11:50+00:00,1580093872918892544,"Ett√•rsdagen for #Fosendommen ble markert i b√•de Oslo, Trondheim, Troms√∏, Karasjok. Fortsatt ingen gode svar fra regjeringen &amp; @EliSather https://t.co/kbTMZDxFp1",TrulsGulowsen,4,0
2022-10-11 16:54:35+00:00,1579878136757760000,"@Aksjelaget @NRKesp1 @TrulsGulowsen @SofieMarhaug @Haltbrekken @olaelvestuen @arildhermstad #Fosendommen har v√¶rt diskutert p√• #dax18 tidligere.

Poenget er at i dag er det ett √•r siden dommen ble avsagt. https://t.co/ANMmPLuafc",BBaardsen,4,0
2022-10-11 13:40:13+00:00,1579829222587371520,"Sterk markering for #Fosendommen p√• @Samediggi i dag, med klare appeller til b√•de @Arbeiderpartiet og @Senterpartiet fra egne politikere om √• f√∏lge opp dommen og avslutte menneskerettighetsbruddet. https://t.co/3ZOpb1cnja",TrulsGulowsen,17,1
